"","vendor","date","week","day","fuel","price","week_rank","origin"
"1028","TwinTrans",2020-04-06,"2020/w14","Monday","JET",15,"202013","webslurp"
"1027","TankOno",2020-04-06,"2020/w14","Monday","DIESEL",19.75,"202013","webslurp"
"1026","TankOno",2020-04-06,"2020/w14","Monday","NATURAL95",18.93,"202013","webslurp"
"1025","TankOno",2020-04-06,"2020/w14","Monday","NATURAL98",21.07,"202013","webslurp"
"1024","AXIGON",2020-04-06,"2020/w14","Monday","Diesel",21.4,"202013","webslurp"
"1","TwinTrans",2020-04-01,"2020/w13","Wednesday","JET",18,"202013","webslurp"
"4","TankOno",2020-04-01,"2020/w13","Wednesday","NATURAL98",21.07,"202013","webslurp"
"3","TankOno",2020-04-01,"2020/w13","Wednesday","NATURAL95",18.93,"202013","webslurp"
"2","TankOno",2020-04-01,"2020/w13","Wednesday","DIESEL",20.25,"202013","webslurp"
"5","AXIGON",2020-04-01,"2020/w13","Wednesday","Diesel",21.4,"202013","webslurp"
"6","TwinTrans",2020-03-31,"2020/w13","Tuesday","JET",18,"202013","webslurp"
"9","TankOno",2020-03-31,"2020/w13","Tuesday","DIESEL",20.25,"202013","webslurp"
"8","TankOno",2020-03-31,"2020/w13","Tuesday","NATURAL95",18.93,"202013","webslurp"
"7","TankOno",2020-03-31,"2020/w13","Tuesday","NATURAL98",21.07,"202013","webslurp"
"10","AXIGON",2020-03-31,"2020/w13","Tuesday","Diesel",21.4,"202013","webslurp"
"11","TwinTrans",2020-03-26,"2020/w12","Thursday","JET",18,"202012","webslurp"
"14","TankOno",2020-03-26,"2020/w12","Thursday","NATURAL98",21.9,"202012","webslurp"
"13","TankOno",2020-03-26,"2020/w12","Thursday","NATURAL95",19.75,"202012","webslurp"
"12","TankOno",2020-03-26,"2020/w12","Thursday","DIESEL",20.25,"202012","webslurp"
"15","AXIGON",2020-03-26,"2020/w12","Thursday","Diesel",21.4,"202012","webslurp"
"16","TwinTrans",2020-03-25,"2020/w12","Wednesday","JET",18,"202012","webslurp"
"19","TankOno",2020-03-25,"2020/w12","Wednesday","DIESEL",20.25,"202012","webslurp"
"18","TankOno",2020-03-25,"2020/w12","Wednesday","NATURAL95",19.75,"202012","webslurp"
"17","TankOno",2020-03-25,"2020/w12","Wednesday","NATURAL98",21.9,"202012","webslurp"
"20","AXIGON",2020-03-25,"2020/w12","Wednesday","Diesel",21.4,"202012","webslurp"
"21","TwinTrans",2020-03-23,"2020/w12","Monday","JET",18,"202011","webslurp"
"24","TankOno",2020-03-23,"2020/w12","Monday","NATURAL98",21.9,"202011","webslurp"
"23","TankOno",2020-03-23,"2020/w12","Monday","NATURAL95",19.75,"202011","webslurp"
"22","TankOno",2020-03-23,"2020/w12","Monday","DIESEL",20.25,"202011","webslurp"
"25","AXIGON",2020-03-23,"2020/w12","Monday","Diesel",22.31,"202011","webslurp"
"26","TwinTrans",2020-03-17,"2020/w11","Tuesday","JET",18,"202011","webslurp"
"29","TankOno",2020-03-17,"2020/w11","Tuesday","DIESEL",20.58,"202011","webslurp"
"28","TankOno",2020-03-17,"2020/w11","Tuesday","NATURAL95",20.58,"202011","webslurp"
"27","TankOno",2020-03-17,"2020/w11","Tuesday","NATURAL98",22.73,"202011","webslurp"
"30","AXIGON",2020-03-17,"2020/w11","Tuesday","Diesel",22.31,"202011","webslurp"
"31","TwinTrans",2020-03-12,"2020/w10","Thursday","JET",19,"202010","webslurp"
"34","TankOno",2020-03-12,"2020/w10","Thursday","NATURAL98",25.21,"202010","webslurp"
"33","TankOno",2020-03-12,"2020/w10","Thursday","NATURAL95",23.06,"202010","webslurp"
"32","TankOno",2020-03-12,"2020/w10","Thursday","DIESEL",22.23,"202010","webslurp"
"35","AXIGON",2020-03-12,"2020/w10","Thursday","Diesel",23.63,"202010","webslurp"
"36","TwinTrans",2020-03-11,"2020/w10","Wednesday","JET",19,"202010","webslurp"
"39","TankOno",2020-03-11,"2020/w10","Wednesday","DIESEL",22.23,"202010","webslurp"
"38","TankOno",2020-03-11,"2020/w10","Wednesday","NATURAL95",23.06,"202010","webslurp"
"37","TankOno",2020-03-11,"2020/w10","Wednesday","NATURAL98",25.21,"202010","webslurp"
"40","AXIGON",2020-03-11,"2020/w10","Wednesday","Diesel",23.63,"202010","webslurp"
"41","TwinTrans",2020-03-10,"2020/w10","Tuesday","JET",19,"202010","webslurp"
"44","TankOno",2020-03-10,"2020/w10","Tuesday","NATURAL98",25.54,"202010","webslurp"
"43","TankOno",2020-03-10,"2020/w10","Tuesday","NATURAL95",23.55,"202010","webslurp"
"42","TankOno",2020-03-10,"2020/w10","Tuesday","DIESEL",22.73,"202010","webslurp"
"45","AXIGON",2020-03-10,"2020/w10","Tuesday","Diesel",23.63,"202010","webslurp"
"46","TwinTrans",2020-03-09,"2020/w10","Monday","JET",19,"202009","webslurp"
"49","TankOno",2020-03-09,"2020/w10","Monday","DIESEL",22.73,"202009","webslurp"
"48","TankOno",2020-03-09,"2020/w10","Monday","NATURAL95",23.55,"202009","webslurp"
"47","TankOno",2020-03-09,"2020/w10","Monday","NATURAL98",25.54,"202009","webslurp"
"50","AXIGON",2020-03-09,"2020/w10","Monday","Diesel",24.12,"202009","webslurp"
"51","TwinTrans",2020-03-06,"2020/w09","Friday","JET",19,"202009","webslurp"
"54","TankOno",2020-03-06,"2020/w09","Friday","NATURAL98",25.54,"202009","webslurp"
"53","TankOno",2020-03-06,"2020/w09","Friday","NATURAL95",23.55,"202009","webslurp"
"52","TankOno",2020-03-06,"2020/w09","Friday","DIESEL",22.73,"202009","webslurp"
"55","AXIGON",2020-03-06,"2020/w09","Friday","Diesel",24.12,"202009","webslurp"
"56","TwinTrans",2020-03-05,"2020/w09","Thursday","JET",19,"202009","webslurp"
"59","TankOno",2020-03-05,"2020/w09","Thursday","DIESEL",23.55,"202009","webslurp"
"58","TankOno",2020-03-05,"2020/w09","Thursday","NATURAL95",24.38,"202009","webslurp"
"57","TankOno",2020-03-05,"2020/w09","Thursday","NATURAL98",26.36,"202009","webslurp"
"60","AXIGON",2020-03-05,"2020/w09","Thursday","Diesel",24.12,"202009","webslurp"
"61","TwinTrans",2020-03-04,"2020/w09","Wednesday","JET",19,"202009","webslurp"
"64","TankOno",2020-03-04,"2020/w09","Wednesday","DIESEL",23.55,"202009","webslurp"
"63","TankOno",2020-03-04,"2020/w09","Wednesday","NATURAL95",24.38,"202009","webslurp"
"62","TankOno",2020-03-04,"2020/w09","Wednesday","NATURAL98",26.36,"202009","webslurp"
"65","AXIGON",2020-03-04,"2020/w09","Wednesday","Diesel",24.12,"202009","webslurp"
"66","TwinTrans",2020-03-03,"2020/w09","Tuesday","JET",19,"202009","webslurp"
"69","TankOno",2020-03-03,"2020/w09","Tuesday","NATURAL98",26.36,"202009","webslurp"
"68","TankOno",2020-03-03,"2020/w09","Tuesday","NATURAL95",24.38,"202009","webslurp"
"67","TankOno",2020-03-03,"2020/w09","Tuesday","DIESEL",23.55,"202009","webslurp"
"70","AXIGON",2020-03-03,"2020/w09","Tuesday","Diesel",24.12,"202009","webslurp"
"71","TwinTrans",2020-03-02,"2020/w09","Monday","JET",19,"202008","webslurp"
"74","TankOno",2020-03-02,"2020/w09","Monday","DIESEL",23.55,"202008","webslurp"
"73","TankOno",2020-03-02,"2020/w09","Monday","NATURAL95",24.38,"202008","webslurp"
"72","TankOno",2020-03-02,"2020/w09","Monday","NATURAL98",26.36,"202008","webslurp"
"75","AXIGON",2020-03-02,"2020/w09","Monday","Diesel",24.7,"202008","webslurp"
"76","TwinTrans",2020-02-28,"2020/w08","Friday","JET",20,"202008","webslurp"
"79","TankOno",2020-02-28,"2020/w08","Friday","DIESEL",23.55,"202008","webslurp"
"78","TankOno",2020-02-28,"2020/w08","Friday","NATURAL95",24.38,"202008","webslurp"
"77","TankOno",2020-02-28,"2020/w08","Friday","NATURAL98",26.36,"202008","webslurp"
"80","AXIGON",2020-02-28,"2020/w08","Friday","Diesel",24.7,"202008","webslurp"
"81","TwinTrans",2020-02-27,"2020/w08","Thursday","JET",20,"202008","webslurp"
"84","TankOno",2020-02-27,"2020/w08","Thursday","NATURAL98",26.36,"202008","webslurp"
"83","TankOno",2020-02-27,"2020/w08","Thursday","NATURAL95",24.38,"202008","webslurp"
"82","TankOno",2020-02-27,"2020/w08","Thursday","DIESEL",23.55,"202008","webslurp"
"85","AXIGON",2020-02-27,"2020/w08","Thursday","Diesel",24.7,"202008","webslurp"
"86","TwinTrans",2020-02-26,"2020/w08","Wednesday","JET",20,"202008","webslurp"
"89","TankOno",2020-02-26,"2020/w08","Wednesday","DIESEL",23.55,"202008","webslurp"
"88","TankOno",2020-02-26,"2020/w08","Wednesday","NATURAL95",24.38,"202008","webslurp"
"87","TankOno",2020-02-26,"2020/w08","Wednesday","NATURAL98",26.36,"202008","webslurp"
"90","AXIGON",2020-02-26,"2020/w08","Wednesday","Diesel",24.7,"202008","webslurp"
"91","TwinTrans",2020-02-25,"2020/w08","Tuesday","JET",20,"202008","webslurp"
"94","TankOno",2020-02-25,"2020/w08","Tuesday","NATURAL98",26.36,"202008","webslurp"
"93","TankOno",2020-02-25,"2020/w08","Tuesday","NATURAL95",24.38,"202008","webslurp"
"92","TankOno",2020-02-25,"2020/w08","Tuesday","DIESEL",23.55,"202008","webslurp"
"95","AXIGON",2020-02-25,"2020/w08","Tuesday","Diesel",24.7,"202008","webslurp"
"96","TwinTrans",2020-02-21,"2020/w07","Friday","JET",20,"202007","webslurp"
"99","TankOno",2020-02-21,"2020/w07","Friday","NATURAL98",26.36,"202007","webslurp"
"98","TankOno",2020-02-21,"2020/w07","Friday","NATURAL95",24.38,"202007","webslurp"
"97","TankOno",2020-02-21,"2020/w07","Friday","DIESEL",23.55,"202007","webslurp"
"100","AXIGON",2020-02-21,"2020/w07","Friday","Diesel",24.62,"202007","webslurp"
"101","TwinTrans",2020-02-20,"2020/w07","Thursday","JET",20,"202007","webslurp"
"104","TankOno",2020-02-20,"2020/w07","Thursday","DIESEL",23.55,"202007","webslurp"
"103","TankOno",2020-02-20,"2020/w07","Thursday","NATURAL95",24.38,"202007","webslurp"
"102","TankOno",2020-02-20,"2020/w07","Thursday","NATURAL98",26.36,"202007","webslurp"
"105","AXIGON",2020-02-20,"2020/w07","Thursday","Diesel",24.62,"202007","webslurp"
"106","TwinTrans",2020-02-18,"2020/w07","Tuesday","JET",20,"202007","webslurp"
"109","TankOno",2020-02-18,"2020/w07","Tuesday","NATURAL98",26.36,"202007","webslurp"
"108","TankOno",2020-02-18,"2020/w07","Tuesday","NATURAL95",24.38,"202007","webslurp"
"107","TankOno",2020-02-18,"2020/w07","Tuesday","DIESEL",23.55,"202007","webslurp"
"110","AXIGON",2020-02-18,"2020/w07","Tuesday","Diesel",24.62,"202007","webslurp"
"111","TwinTrans",2020-02-14,"2020/w06","Friday","JET",20,"202006","webslurp"
"114","TankOno",2020-02-14,"2020/w06","Friday","NATURAL98",26.36,"202006","webslurp"
"113","TankOno",2020-02-14,"2020/w06","Friday","NATURAL95",24.38,"202006","webslurp"
"112","TankOno",2020-02-14,"2020/w06","Friday","DIESEL",23.55,"202006","webslurp"
"115","AXIGON",2020-02-14,"2020/w06","Friday","Diesel",24.54,"202006","webslurp"
"116","TwinTrans",2020-02-13,"2020/w06","Thursday","JET",20,"202006","webslurp"
"119","TankOno",2020-02-13,"2020/w06","Thursday","DIESEL",23.55,"202006","webslurp"
"118","TankOno",2020-02-13,"2020/w06","Thursday","NATURAL95",24.38,"202006","webslurp"
"117","TankOno",2020-02-13,"2020/w06","Thursday","NATURAL98",26.36,"202006","webslurp"
"120","AXIGON",2020-02-13,"2020/w06","Thursday","Diesel",24.54,"202006","webslurp"
"121","TwinTrans",2020-02-07,"2020/w05","Friday","JET",20,"202005","webslurp"
"124","TankOno",2020-02-07,"2020/w05","Friday","NATURAL98",26.36,"202005","webslurp"
"123","TankOno",2020-02-07,"2020/w05","Friday","NATURAL95",24.38,"202005","webslurp"
"122","TankOno",2020-02-07,"2020/w05","Friday","DIESEL",23.88,"202005","webslurp"
"125","AXIGON",2020-02-07,"2020/w05","Friday","Diesel",24.79,"202005","webslurp"
"126","TwinTrans",2020-02-06,"2020/w05","Thursday","JET",20,"202005","webslurp"
"129","TankOno",2020-02-06,"2020/w05","Thursday","DIESEL",23.88,"202005","webslurp"
"128","TankOno",2020-02-06,"2020/w05","Thursday","NATURAL95",24.38,"202005","webslurp"
"127","TankOno",2020-02-06,"2020/w05","Thursday","NATURAL98",26.36,"202005","webslurp"
"130","AXIGON",2020-02-06,"2020/w05","Thursday","Diesel",24.79,"202005","webslurp"
"131","TwinTrans",2020-02-05,"2020/w05","Wednesday","JET",20,"202005","webslurp"
"134","TankOno",2020-02-05,"2020/w05","Wednesday","NATURAL98",26.36,"202005","webslurp"
"133","TankOno",2020-02-05,"2020/w05","Wednesday","NATURAL95",24.38,"202005","webslurp"
"132","TankOno",2020-02-05,"2020/w05","Wednesday","DIESEL",23.88,"202005","webslurp"
"135","AXIGON",2020-02-05,"2020/w05","Wednesday","Diesel",24.79,"202005","webslurp"
"136","TwinTrans",2020-02-04,"2020/w05","Tuesday","JET",20,"202005","webslurp"
"139","TankOno",2020-02-04,"2020/w05","Tuesday","DIESEL",23.88,"202005","webslurp"
"138","TankOno",2020-02-04,"2020/w05","Tuesday","NATURAL95",24.38,"202005","webslurp"
"137","TankOno",2020-02-04,"2020/w05","Tuesday","NATURAL98",26.36,"202005","webslurp"
"140","AXIGON",2020-02-04,"2020/w05","Tuesday","Diesel",24.79,"202005","webslurp"
"141","TwinTrans",2020-02-03,"2020/w05","Monday","JET",20,"202004","webslurp"
"144","TankOno",2020-02-03,"2020/w05","Monday","NATURAL98",26.36,"202004","webslurp"
"143","TankOno",2020-02-03,"2020/w05","Monday","NATURAL95",24.38,"202004","webslurp"
"142","TankOno",2020-02-03,"2020/w05","Monday","DIESEL",23.88,"202004","webslurp"
"145","AXIGON",2020-02-03,"2020/w05","Monday","Diesel",25.36,"202004","webslurp"
"146","TwinTrans",2020-01-31,"2020/w04","Friday","JET",20,"202004","webslurp"
"149","TankOno",2020-01-31,"2020/w04","Friday","DIESEL",24.38,"202004","webslurp"
"148","TankOno",2020-01-31,"2020/w04","Friday","NATURAL95",24.71,"202004","webslurp"
"147","TankOno",2020-01-31,"2020/w04","Friday","NATURAL98",26.86,"202004","webslurp"
"150","AXIGON",2020-01-31,"2020/w04","Friday","Diesel",25.36,"202004","webslurp"
"151","TwinTrans",2020-01-30,"2020/w04","Thursday","JET",20.5,"202004","webslurp"
"154","TankOno",2020-01-30,"2020/w04","Thursday","NATURAL98",26.86,"202004","webslurp"
"153","TankOno",2020-01-30,"2020/w04","Thursday","NATURAL95",24.71,"202004","webslurp"
"152","TankOno",2020-01-30,"2020/w04","Thursday","DIESEL",24.38,"202004","webslurp"
"155","AXIGON",2020-01-30,"2020/w04","Thursday","Diesel",25.36,"202004","webslurp"
"156","TwinTrans",2020-01-29,"2020/w04","Wednesday","JET",20.5,"202004","webslurp"
"159","TankOno",2020-01-29,"2020/w04","Wednesday","DIESEL",24.38,"202004","webslurp"
"158","TankOno",2020-01-29,"2020/w04","Wednesday","NATURAL95",24.71,"202004","webslurp"
"157","TankOno",2020-01-29,"2020/w04","Wednesday","NATURAL98",26.86,"202004","webslurp"
"160","AXIGON",2020-01-29,"2020/w04","Wednesday","Diesel",25.36,"202004","webslurp"
"161","TwinTrans",2020-01-28,"2020/w04","Tuesday","JET",20.5,"202004","webslurp"
"164","TankOno",2020-01-28,"2020/w04","Tuesday","NATURAL98",26.86,"202004","webslurp"
"163","TankOno",2020-01-28,"2020/w04","Tuesday","NATURAL95",24.71,"202004","webslurp"
"162","TankOno",2020-01-28,"2020/w04","Tuesday","DIESEL",24.38,"202004","webslurp"
"165","AXIGON",2020-01-28,"2020/w04","Tuesday","Diesel",25.36,"202004","webslurp"
"166","TwinTrans",2020-01-27,"2020/w04","Monday","JET",20.5,"202003","webslurp"
"169","TankOno",2020-01-27,"2020/w04","Monday","DIESEL",24.38,"202003","webslurp"
"168","TankOno",2020-01-27,"2020/w04","Monday","NATURAL95",24.71,"202003","webslurp"
"167","TankOno",2020-01-27,"2020/w04","Monday","NATURAL98",26.86,"202003","webslurp"
"170","AXIGON",2020-01-27,"2020/w04","Monday","Diesel",25.61,"202003","webslurp"
"171","TwinTrans",2020-01-24,"2020/w03","Friday","JET",20.5,"202003","webslurp"
"174","TankOno",2020-01-24,"2020/w03","Friday","NATURAL98",26.86,"202003","webslurp"
"173","TankOno",2020-01-24,"2020/w03","Friday","NATURAL95",24.71,"202003","webslurp"
"172","TankOno",2020-01-24,"2020/w03","Friday","DIESEL",24.71,"202003","webslurp"
"175","AXIGON",2020-01-24,"2020/w03","Friday","Diesel",25.61,"202003","webslurp"
"176","TwinTrans",2020-01-23,"2020/w03","Thursday","JET",20.5,"202003","webslurp"
"179","TankOno",2020-01-23,"2020/w03","Thursday","DIESEL",24.71,"202003","webslurp"
"178","TankOno",2020-01-23,"2020/w03","Thursday","NATURAL95",24.71,"202003","webslurp"
"177","TankOno",2020-01-23,"2020/w03","Thursday","NATURAL98",26.86,"202003","webslurp"
"180","AXIGON",2020-01-23,"2020/w03","Thursday","Diesel",25.61,"202003","webslurp"
"181","TwinTrans",2020-01-22,"2020/w03","Wednesday","JET",20.5,"202003","webslurp"
"184","TankOno",2020-01-22,"2020/w03","Wednesday","DIESEL",24.71,"202003","webslurp"
"183","TankOno",2020-01-22,"2020/w03","Wednesday","NATURAL95",24.71,"202003","webslurp"
"182","TankOno",2020-01-22,"2020/w03","Wednesday","NATURAL98",26.86,"202003","webslurp"
"185","AXIGON",2020-01-22,"2020/w03","Wednesday","Diesel",25.61,"202003","webslurp"
"186","TwinTrans",2020-01-21,"2020/w03","Tuesday","JET",20.5,"202003","webslurp"
"189","TankOno",2020-01-21,"2020/w03","Tuesday","NATURAL98",26.86,"202003","webslurp"
"188","TankOno",2020-01-21,"2020/w03","Tuesday","NATURAL95",24.71,"202003","webslurp"
"187","TankOno",2020-01-21,"2020/w03","Tuesday","DIESEL",24.71,"202003","webslurp"
"190","AXIGON",2020-01-21,"2020/w03","Tuesday","Diesel",25.61,"202003","webslurp"
"191","TwinTrans",2020-01-20,"2020/w03","Monday","JET",20.5,"202002","webslurp"
"194","TankOno",2020-01-20,"2020/w03","Monday","DIESEL",24.71,"202002","webslurp"
"193","TankOno",2020-01-20,"2020/w03","Monday","NATURAL95",24.71,"202002","webslurp"
"192","TankOno",2020-01-20,"2020/w03","Monday","NATURAL98",26.86,"202002","webslurp"
"195","AXIGON",2020-01-20,"2020/w03","Monday","Diesel",26.02,"202002","webslurp"
"196","TwinTrans",2020-01-17,"2020/w02","Friday","JET",20.5,"202002","webslurp"
"199","TankOno",2020-01-17,"2020/w02","Friday","NATURAL98",27.19,"202002","webslurp"
"198","TankOno",2020-01-17,"2020/w02","Friday","NATURAL95",25.21,"202002","webslurp"
"197","TankOno",2020-01-17,"2020/w02","Friday","DIESEL",25.21,"202002","webslurp"
"200","AXIGON",2020-01-17,"2020/w02","Friday","Diesel",26.02,"202002","webslurp"
"201","TwinTrans",2020-01-16,"2020/w02","Thursday","JET",20.5,"202002","webslurp"
"204","TankOno",2020-01-16,"2020/w02","Thursday","DIESEL",25.21,"202002","webslurp"
"203","TankOno",2020-01-16,"2020/w02","Thursday","NATURAL95",25.21,"202002","webslurp"
"202","TankOno",2020-01-16,"2020/w02","Thursday","NATURAL98",27.19,"202002","webslurp"
"205","AXIGON",2020-01-16,"2020/w02","Thursday","Diesel",26.02,"202002","webslurp"
"206","TwinTrans",2020-01-15,"2020/w02","Wednesday","JET",20.5,"202002","webslurp"
"209","TankOno",2020-01-15,"2020/w02","Wednesday","NATURAL98",27.19,"202002","webslurp"
"208","TankOno",2020-01-15,"2020/w02","Wednesday","NATURAL95",25.21,"202002","webslurp"
"207","TankOno",2020-01-15,"2020/w02","Wednesday","DIESEL",25.21,"202002","webslurp"
"210","AXIGON",2020-01-15,"2020/w02","Wednesday","Diesel",26.02,"202002","webslurp"
"211","TwinTrans",2020-01-14,"2020/w02","Tuesday","JET",20.5,"202002","webslurp"
"214","TankOno",2020-01-14,"2020/w02","Tuesday","DIESEL",25.21,"202002","webslurp"
"213","TankOno",2020-01-14,"2020/w02","Tuesday","NATURAL95",25.21,"202002","webslurp"
"212","TankOno",2020-01-14,"2020/w02","Tuesday","NATURAL98",27.19,"202002","webslurp"
"215","AXIGON",2020-01-14,"2020/w02","Tuesday","Diesel",26.02,"202002","webslurp"
"216","TwinTrans",2020-01-13,"2020/w02","Monday","JET",20.5,"202001","webslurp"
"219","TankOno",2020-01-13,"2020/w02","Monday","NATURAL98",27.19,"202001","webslurp"
"218","TankOno",2020-01-13,"2020/w02","Monday","NATURAL95",25.21,"202001","webslurp"
"217","TankOno",2020-01-13,"2020/w02","Monday","DIESEL",25.21,"202001","webslurp"
"220","AXIGON",2020-01-13,"2020/w02","Monday","Diesel",26.36,"202001","webslurp"
"221","TwinTrans",2020-01-10,"2020/w01","Friday","JET",20.5,"202001","webslurp"
"224","TankOno",2020-01-10,"2020/w01","Friday","DIESEL",25.21,"202001","webslurp"
"223","TankOno",2020-01-10,"2020/w01","Friday","NATURAL95",25.21,"202001","webslurp"
"222","TankOno",2020-01-10,"2020/w01","Friday","NATURAL98",27.19,"202001","webslurp"
"225","AXIGON",2020-01-10,"2020/w01","Friday","Diesel",26.36,"202001","webslurp"
"226","TwinTrans",2020-01-09,"2020/w01","Thursday","JET",20.5,"202001","webslurp"
"229","TankOno",2020-01-09,"2020/w01","Thursday","NATURAL98",27.19,"202001","webslurp"
"228","TankOno",2020-01-09,"2020/w01","Thursday","NATURAL95",25.21,"202001","webslurp"
"227","TankOno",2020-01-09,"2020/w01","Thursday","DIESEL",25.21,"202001","webslurp"
"230","AXIGON",2020-01-09,"2020/w01","Thursday","Diesel",26.36,"202001","webslurp"
"231","TwinTrans",2020-01-08,"2020/w01","Wednesday","JET",20.5,"202001","webslurp"
"234","TankOno",2020-01-08,"2020/w01","Wednesday","DIESEL",25.21,"202001","webslurp"
"233","TankOno",2020-01-08,"2020/w01","Wednesday","NATURAL95",25.21,"202001","webslurp"
"232","TankOno",2020-01-08,"2020/w01","Wednesday","NATURAL98",27.19,"202001","webslurp"
"235","AXIGON",2020-01-08,"2020/w01","Wednesday","Diesel",26.36,"202001","webslurp"
"236","TwinTrans",2020-01-07,"2020/w01","Tuesday","JET",20.5,"202001","webslurp"
"239","TankOno",2020-01-07,"2020/w01","Tuesday","DIESEL",25.21,"202001","webslurp"
"238","TankOno",2020-01-07,"2020/w01","Tuesday","NATURAL95",25.21,"202001","webslurp"
"237","TankOno",2020-01-07,"2020/w01","Tuesday","NATURAL98",27.19,"202001","webslurp"
"240","AXIGON",2020-01-07,"2020/w01","Tuesday","Diesel",26.36,"202001","webslurp"
"241","TwinTrans",2020-01-06,"2020/w01","Monday","JET",20.5,"202000","webslurp"
"244","TankOno",2020-01-06,"2020/w01","Monday","NATURAL98",27.19,"202000","webslurp"
"243","TankOno",2020-01-06,"2020/w01","Monday","NATURAL95",25.21,"202000","webslurp"
"242","TankOno",2020-01-06,"2020/w01","Monday","DIESEL",25.21,"202000","webslurp"
"245","AXIGON",2020-01-06,"2020/w01","Monday","Diesel",26.07,"202000","webslurp"
"246","TwinTrans",2020-01-05,"2020/w00","Sunday","JET",20.5,"202000","webslurp"
"249","TankOno",2020-01-05,"2020/w00","Sunday","DIESEL",25.21,"202000","webslurp"
"248","TankOno",2020-01-05,"2020/w00","Sunday","NATURAL95",25.21,"202000","webslurp"
"247","TankOno",2020-01-05,"2020/w00","Sunday","NATURAL98",27.19,"202000","webslurp"
"250","AXIGON",2020-01-05,"2020/w00","Sunday","Diesel",26.07,"202000","webslurp"
"251","TwinTrans",2020-01-02,"2020/w00","Thursday","JET",20.5,"202000","webslurp"
"254","TankOno",2020-01-02,"2020/w00","Thursday","NATURAL98",26.86,"202000","webslurp"
"253","TankOno",2020-01-02,"2020/w00","Thursday","NATURAL95",24.71,"202000","webslurp"
"252","TankOno",2020-01-02,"2020/w00","Thursday","DIESEL",24.71,"202000","webslurp"
"255","AXIGON",2020-01-02,"2020/w00","Thursday","Diesel",26.07,"202000","webslurp"
"256","TwinTrans",2019-12-31,"2019/w52","Tuesday","JET",20.5,"201952","webslurp"
"259","TankOno",2019-12-31,"2019/w52","Tuesday","DIESEL",24.71,"201952","webslurp"
"258","TankOno",2019-12-31,"2019/w52","Tuesday","NATURAL95",24.71,"201952","webslurp"
"257","TankOno",2019-12-31,"2019/w52","Tuesday","NATURAL98",26.86,"201952","webslurp"
"260","AXIGON",2019-12-31,"2019/w52","Tuesday","Diesel",26.07,"201952","webslurp"
"261","TwinTrans",2019-12-30,"2019/w52","Monday","JET",20.5,"201951","webslurp"
"264","TankOno",2019-12-30,"2019/w52","Monday","DIESEL",24.71,"201951","webslurp"
"263","TankOno",2019-12-30,"2019/w52","Monday","NATURAL95",24.71,"201951","webslurp"
"262","TankOno",2019-12-30,"2019/w52","Monday","NATURAL98",26.86,"201951","webslurp"
"265","AXIGON",2019-12-30,"2019/w52","Monday","Diesel",25.78,"201951","webslurp"
"266","TwinTrans",2019-12-27,"2019/w51","Friday","JET",20.5,"201951","webslurp"
"269","TankOno",2019-12-27,"2019/w51","Friday","DIESEL",24.71,"201951","webslurp"
"268","TankOno",2019-12-27,"2019/w51","Friday","NATURAL95",24.71,"201951","webslurp"
"267","TankOno",2019-12-27,"2019/w51","Friday","NATURAL98",26.86,"201951","webslurp"
"270","AXIGON",2019-12-27,"2019/w51","Friday","Diesel",25.78,"201951","webslurp"
"271","TwinTrans",2019-12-20,"2019/w50","Friday","JET",20.5,"201950","webslurp"
"274","TankOno",2019-12-20,"2019/w50","Friday","NATURAL98",26.86,"201950","webslurp"
"273","TankOno",2019-12-20,"2019/w50","Friday","NATURAL95",24.71,"201950","webslurp"
"272","TankOno",2019-12-20,"2019/w50","Friday","DIESEL",24.71,"201950","webslurp"
"275","AXIGON",2019-12-20,"2019/w50","Friday","Diesel",25.45,"201950","webslurp"
"276","TwinTrans",2019-12-19,"2019/w50","Thursday","JET",20.5,"201950","webslurp"
"279","TankOno",2019-12-19,"2019/w50","Thursday","NATURAL98",26.86,"201950","webslurp"
"278","TankOno",2019-12-19,"2019/w50","Thursday","NATURAL95",24.71,"201950","webslurp"
"277","TankOno",2019-12-19,"2019/w50","Thursday","DIESEL",24.71,"201950","webslurp"
"280","AXIGON",2019-12-19,"2019/w50","Thursday","Diesel",25.45,"201950","webslurp"
"281","TwinTrans",2019-12-18,"2019/w50","Wednesday","JET",20.5,"201950","webslurp"
"284","TankOno",2019-12-18,"2019/w50","Wednesday","DIESEL",24.71,"201950","webslurp"
"283","TankOno",2019-12-18,"2019/w50","Wednesday","NATURAL95",24.71,"201950","webslurp"
"282","TankOno",2019-12-18,"2019/w50","Wednesday","NATURAL98",26.86,"201950","webslurp"
"285","AXIGON",2019-12-18,"2019/w50","Wednesday","Diesel",25.45,"201950","webslurp"
"286","TwinTrans",2019-12-17,"2019/w50","Tuesday","JET",20.5,"201950","webslurp"
"289","TankOno",2019-12-17,"2019/w50","Tuesday","NATURAL98",26.86,"201950","webslurp"
"288","TankOno",2019-12-17,"2019/w50","Tuesday","NATURAL95",24.71,"201950","webslurp"
"287","TankOno",2019-12-17,"2019/w50","Tuesday","DIESEL",24.71,"201950","webslurp"
"290","AXIGON",2019-12-17,"2019/w50","Tuesday","Diesel",25.45,"201950","webslurp"
"291","TwinTrans",2019-12-16,"2019/w50","Monday","JET",20.5,"201949","webslurp"
"294","TankOno",2019-12-16,"2019/w50","Monday","DIESEL",24.71,"201949","webslurp"
"293","TankOno",2019-12-16,"2019/w50","Monday","NATURAL95",24.71,"201949","webslurp"
"292","TankOno",2019-12-16,"2019/w50","Monday","NATURAL98",26.86,"201949","webslurp"
"295","AXIGON",2019-12-16,"2019/w50","Monday","Diesel",25.36,"201949","webslurp"
"296","TwinTrans",2019-12-13,"2019/w49","Friday","JET",20.5,"201949","webslurp"
"299","TankOno",2019-12-13,"2019/w49","Friday","NATURAL98",26.86,"201949","webslurp"
"298","TankOno",2019-12-13,"2019/w49","Friday","NATURAL95",24.71,"201949","webslurp"
"297","TankOno",2019-12-13,"2019/w49","Friday","DIESEL",24.71,"201949","webslurp"
"300","AXIGON",2019-12-13,"2019/w49","Friday","Diesel",25.36,"201949","webslurp"
"301","TwinTrans",2019-12-12,"2019/w49","Thursday","JET",20.5,"201949","webslurp"
"304","TankOno",2019-12-12,"2019/w49","Thursday","DIESEL",24.71,"201949","webslurp"
"303","TankOno",2019-12-12,"2019/w49","Thursday","NATURAL95",24.71,"201949","webslurp"
"302","TankOno",2019-12-12,"2019/w49","Thursday","NATURAL98",26.86,"201949","webslurp"
"305","AXIGON",2019-12-12,"2019/w49","Thursday","Diesel",25.36,"201949","webslurp"
"306","TwinTrans",2019-12-11,"2019/w49","Wednesday","JET",20.5,"201949","webslurp"
"309","TankOno",2019-12-11,"2019/w49","Wednesday","DIESEL",24.71,"201949","webslurp"
"308","TankOno",2019-12-11,"2019/w49","Wednesday","NATURAL95",24.71,"201949","webslurp"
"307","TankOno",2019-12-11,"2019/w49","Wednesday","NATURAL98",26.86,"201949","webslurp"
"310","AXIGON",2019-12-11,"2019/w49","Wednesday","Diesel",25.36,"201949","webslurp"
"311","TwinTrans",2019-12-10,"2019/w49","Tuesday","JET",20.5,"201949","webslurp"
"314","TankOno",2019-12-10,"2019/w49","Tuesday","NATURAL98",26.86,"201949","webslurp"
"313","TankOno",2019-12-10,"2019/w49","Tuesday","NATURAL95",24.71,"201949","webslurp"
"312","TankOno",2019-12-10,"2019/w49","Tuesday","DIESEL",24.71,"201949","webslurp"
"315","AXIGON",2019-12-10,"2019/w49","Tuesday","Diesel",25.36,"201949","webslurp"
"316","TwinTrans",2019-12-09,"2019/w49","Monday","JET",20.5,"201948","webslurp"
"319","TankOno",2019-12-09,"2019/w49","Monday","DIESEL",24.71,"201948","webslurp"
"318","TankOno",2019-12-09,"2019/w49","Monday","NATURAL95",24.71,"201948","webslurp"
"317","TankOno",2019-12-09,"2019/w49","Monday","NATURAL98",26.86,"201948","webslurp"
"320","AXIGON",2019-12-09,"2019/w49","Monday","Diesel",25.45,"201948","webslurp"
"321","TwinTrans",2019-12-06,"2019/w48","Friday","JET",20.5,"201948","webslurp"
"324","TankOno",2019-12-06,"2019/w48","Friday","DIESEL",24.71,"201948","webslurp"
"323","TankOno",2019-12-06,"2019/w48","Friday","NATURAL95",25.21,"201948","webslurp"
"322","TankOno",2019-12-06,"2019/w48","Friday","NATURAL98",27.19,"201948","webslurp"
"325","AXIGON",2019-12-06,"2019/w48","Friday","Diesel",25.45,"201948","webslurp"
"326","TwinTrans",2019-12-05,"2019/w48","Thursday","JET",20.5,"201948","webslurp"
"327","AXIGON",2019-12-05,"2019/w48","Thursday","Diesel",25.45,"201948","webslurp"
"328","TwinTrans",2019-12-04,"2019/w48","Wednesday","JET",20.5,"201948","webslurp"
"329","AXIGON",2019-12-04,"2019/w48","Wednesday","Diesel",25.45,"201948","webslurp"
"330","AXIGON",2019-12-03,"2019/w48","Tuesday","Diesel",25.45,"201948","webslurp"
"331","AXIGON",2019-12-02,"2019/w48","Monday","Diesel",25.41,"201947","webslurp"
"332","AXIGON",2019-11-29,"2019/w47","Friday","Diesel",25.41,"201947","webslurp"
"333","AXIGON",2019-11-28,"2019/w47","Thursday","Diesel",25.41,"201947","webslurp"
"334","AXIGON",2019-11-27,"2019/w47","Wednesday","Diesel",25.41,"201947","webslurp"
"335","AXIGON",2019-11-26,"2019/w47","Tuesday","Diesel",25.41,"201947","webslurp"
"336","AXIGON",2019-11-25,"2019/w47","Monday","Diesel",25.58,"201946","webslurp"
"337","AXIGON",2019-11-23,"2019/w46","Saturday","Diesel",25.58,"201946","webslurp"
"338","AXIGON",2019-11-22,"2019/w46","Friday","Diesel",25.58,"201946","webslurp"
"339","AXIGON",2019-11-19,"2019/w46","Tuesday","Diesel",25.28,"201946","manual_input"
"340","AXIGON",2019-11-18,"2019/w46","Monday","Diesel",25.53,"201945","webslurp"
"341","AXIGON",2019-11-15,"2019/w45","Friday","Diesel",25.53,"201945","webslurp"
"342","AXIGON",2019-11-14,"2019/w45","Thursday","Diesel",25.53,"201945","webslurp"
"343","AXIGON",2019-11-13,"2019/w45","Wednesday","Diesel",25.53,"201945","webslurp"
"344","AXIGON",2019-11-12,"2019/w45","Tuesday","Diesel",25.53,"201945","webslurp"
"345","AXIGON",2019-11-11,"2019/w45","Monday","Diesel",25.45,"201944","webslurp"
"346","AXIGON",2019-11-09,"2019/w44","Saturday","Diesel",25.45,"201944","importXLS"
"347","AXIGON",2019-11-08,"2019/w44","Friday","Diesel",25.45,"201944","webslurp"
"348","AXIGON",2019-11-07,"2019/w44","Thursday","Diesel",25.45,"201944","webslurp"
"349","AXIGON",2019-11-06,"2019/w44","Wednesday","Diesel",25.45,"201944","importXLS"
"350","AXIGON",2019-11-05,"2019/w44","Tuesday","Diesel",25.45,"201944","importXLS"
"351","AXIGON",2019-11-04,"2019/w44","Monday","Diesel",25.45,"201944","importXLS"
"352","AXIGON",2019-11-03,"2019/w43","Sunday","Diesel",25.45,"201943","importXLS"
"353","AXIGON",2019-11-02,"2019/w43","Saturday","Diesel",25.45,"201943","importXLS"
"354","AXIGON",2019-11-01,"2019/w43","Friday","Diesel",25.45,"201943","importXLS"
"355","AXIGON",2019-10-31,"2019/w43","Thursday","Diesel",25.45,"201943","importXLS"
"356","AXIGON",2019-10-30,"2019/w43","Wednesday","Diesel",25.45,"201943","importXLS"
"357","AXIGON",2019-10-29,"2019/w43","Tuesday","Diesel",25.45,"201943","importXLS"
"358","AXIGON",2019-10-28,"2019/w43","Monday","Diesel",25.45,"201943","importXLS"
"359","AXIGON",2019-10-27,"2019/w42","Sunday","Diesel",25.45,"201942","importXLS"
"360","AXIGON",2019-10-26,"2019/w42","Saturday","Diesel",25.45,"201942","importXLS"
"361","AXIGON",2019-10-25,"2019/w42","Friday","Diesel",25.45,"201942","importXLS"
"362","AXIGON",2019-10-24,"2019/w42","Thursday","Diesel",25.45,"201942","importXLS"
"363","AXIGON",2019-10-23,"2019/w42","Wednesday","Diesel",25.45,"201942","importXLS"
"364","AXIGON",2019-10-22,"2019/w42","Tuesday","Diesel",25.45,"201942","importXLS"
"365","AXIGON",2019-10-21,"2019/w42","Monday","Diesel",25.45,"201942","importXLS"
"366","AXIGON",2019-10-20,"2019/w41","Sunday","Diesel",25.54,"201941","importXLS"
"367","AXIGON",2019-10-19,"2019/w41","Saturday","Diesel",25.54,"201941","importXLS"
"368","AXIGON",2019-10-18,"2019/w41","Friday","Diesel",25.54,"201941","importXLS"
"369","AXIGON",2019-10-17,"2019/w41","Thursday","Diesel",25.54,"201941","importXLS"
"370","AXIGON",2019-10-16,"2019/w41","Wednesday","Diesel",25.54,"201941","importXLS"
"371","AXIGON",2019-10-15,"2019/w41","Tuesday","Diesel",25.54,"201941","importXLS"
"372","AXIGON",2019-10-14,"2019/w41","Monday","Diesel",25.54,"201941","importXLS"
"373","AXIGON",2019-10-13,"2019/w40","Sunday","Diesel",25.54,"201940","importXLS"
"374","AXIGON",2019-10-12,"2019/w40","Saturday","Diesel",25.54,"201940","importXLS"
"375","AXIGON",2019-10-11,"2019/w40","Friday","Diesel",25.54,"201940","importXLS"
"376","AXIGON",2019-10-10,"2019/w40","Thursday","Diesel",25.54,"201940","importXLS"
"377","AXIGON",2019-10-09,"2019/w40","Wednesday","Diesel",25.54,"201940","importXLS"
"378","AXIGON",2019-10-08,"2019/w40","Tuesday","Diesel",25.54,"201940","importXLS"
"379","AXIGON",2019-10-07,"2019/w40","Monday","Diesel",25.54,"201940","importXLS"
"380","AXIGON",2019-10-06,"2019/w39","Sunday","Diesel",25.86,"201939","importXLS"
"381","AXIGON",2019-10-05,"2019/w39","Saturday","Diesel",25.86,"201939","importXLS"
"382","AXIGON",2019-10-04,"2019/w39","Friday","Diesel",25.86,"201939","importXLS"
"383","AXIGON",2019-10-03,"2019/w39","Thursday","Diesel",25.86,"201939","importXLS"
"384","AXIGON",2019-10-02,"2019/w39","Wednesday","Diesel",25.86,"201939","importXLS"
"385","AXIGON",2019-10-01,"2019/w39","Tuesday","Diesel",25.86,"201939","importXLS"
"386","AXIGON",2019-09-30,"2019/w39","Monday","Diesel",25.86,"201939","importXLS"
"387","AXIGON",2019-09-29,"2019/w38","Sunday","Diesel",26.02,"201938","importXLS"
"388","AXIGON",2019-09-28,"2019/w38","Saturday","Diesel",26.02,"201938","importXLS"
"389","AXIGON",2019-09-27,"2019/w38","Friday","Diesel",26.02,"201938","importXLS"
"390","AXIGON",2019-09-26,"2019/w38","Thursday","Diesel",26.02,"201938","importXLS"
"391","AXIGON",2019-09-25,"2019/w38","Wednesday","Diesel",26.02,"201938","importXLS"
"392","AXIGON",2019-09-24,"2019/w38","Tuesday","Diesel",26.02,"201938","importXLS"
"393","AXIGON",2019-09-23,"2019/w38","Monday","Diesel",26.02,"201938","importXLS"
"394","AXIGON",2019-09-22,"2019/w37","Sunday","Diesel",26.19,"201937","importXLS"
"395","AXIGON",2019-09-21,"2019/w37","Saturday","Diesel",26.19,"201937","importXLS"
"396","AXIGON",2019-09-20,"2019/w37","Friday","Diesel",26.19,"201937","importXLS"
"397","AXIGON",2019-09-19,"2019/w37","Thursday","Diesel",26.19,"201937","importXLS"
"398","AXIGON",2019-09-18,"2019/w37","Wednesday","Diesel",26.19,"201937","importXLS"
"399","AXIGON",2019-09-17,"2019/w37","Tuesday","Diesel",26.19,"201937","importXLS"
"400","AXIGON",2019-09-16,"2019/w37","Monday","Diesel",26.19,"201937","importXLS"
"401","AXIGON",2019-09-15,"2019/w36","Sunday","Diesel",25.53,"201936","importXLS"
"402","AXIGON",2019-09-14,"2019/w36","Saturday","Diesel",25.53,"201936","importXLS"
"403","AXIGON",2019-09-13,"2019/w36","Friday","Diesel",25.53,"201936","importXLS"
"404","AXIGON",2019-09-12,"2019/w36","Thursday","Diesel",25.53,"201936","importXLS"
"405","AXIGON",2019-09-11,"2019/w36","Wednesday","Diesel",25.53,"201936","importXLS"
"406","AXIGON",2019-09-10,"2019/w36","Tuesday","Diesel",25.53,"201936","importXLS"
"407","AXIGON",2019-09-09,"2019/w36","Monday","Diesel",25.53,"201936","importXLS"
"408","AXIGON",2019-09-08,"2019/w35","Sunday","Diesel",25.28,"201935","importXLS"
"409","AXIGON",2019-09-07,"2019/w35","Saturday","Diesel",25.28,"201935","importXLS"
"410","AXIGON",2019-09-06,"2019/w35","Friday","Diesel",25.28,"201935","importXLS"
"411","AXIGON",2019-09-05,"2019/w35","Thursday","Diesel",25.28,"201935","importXLS"
"412","AXIGON",2019-09-04,"2019/w35","Wednesday","Diesel",25.28,"201935","importXLS"
"413","AXIGON",2019-09-03,"2019/w35","Tuesday","Diesel",25.28,"201935","importXLS"
"414","AXIGON",2019-09-02,"2019/w35","Monday","Diesel",25.28,"201935","importXLS"
"415","AXIGON",2019-09-01,"2019/w34","Sunday","Diesel",25.12,"201934","importXLS"
"416","AXIGON",2019-08-31,"2019/w34","Saturday","Diesel",25.12,"201934","importXLS"
"417","AXIGON",2019-08-30,"2019/w34","Friday","Diesel",25.12,"201934","importXLS"
"418","AXIGON",2019-08-29,"2019/w34","Thursday","Diesel",25.12,"201934","importXLS"
"419","AXIGON",2019-08-28,"2019/w34","Wednesday","Diesel",25.12,"201934","importXLS"
"420","AXIGON",2019-08-27,"2019/w34","Tuesday","Diesel",25.12,"201934","importXLS"
"421","AXIGON",2019-08-26,"2019/w34","Monday","Diesel",25.12,"201934","importXLS"
"422","AXIGON",2019-08-25,"2019/w33","Sunday","Diesel",25.03,"201933","importXLS"
"423","AXIGON",2019-08-24,"2019/w33","Saturday","Diesel",25.03,"201933","importXLS"
"424","AXIGON",2019-08-23,"2019/w33","Friday","Diesel",25.03,"201933","importXLS"
"425","AXIGON",2019-08-22,"2019/w33","Thursday","Diesel",25.03,"201933","importXLS"
"426","AXIGON",2019-08-21,"2019/w33","Wednesday","Diesel",25.03,"201933","importXLS"
"427","AXIGON",2019-08-20,"2019/w33","Tuesday","Diesel",25.03,"201933","importXLS"
"428","AXIGON",2019-08-19,"2019/w33","Monday","Diesel",25.03,"201933","importXLS"
"429","AXIGON",2019-08-18,"2019/w32","Sunday","Diesel",24.79,"201932","importXLS"
"430","AXIGON",2019-08-17,"2019/w32","Saturday","Diesel",24.79,"201932","importXLS"
"431","AXIGON",2019-08-16,"2019/w32","Friday","Diesel",24.79,"201932","importXLS"
"432","AXIGON",2019-08-15,"2019/w32","Thursday","Diesel",24.79,"201932","importXLS"
"433","AXIGON",2019-08-14,"2019/w32","Wednesday","Diesel",24.79,"201932","importXLS"
"434","AXIGON",2019-08-13,"2019/w32","Tuesday","Diesel",24.79,"201932","importXLS"
"435","AXIGON",2019-08-12,"2019/w32","Monday","Diesel",24.79,"201932","importXLS"
"436","AXIGON",2019-08-11,"2019/w31","Sunday","Diesel",25.36,"201931","importXLS"
"437","AXIGON",2019-08-10,"2019/w31","Saturday","Diesel",25.36,"201931","importXLS"
"438","AXIGON",2019-08-09,"2019/w31","Friday","Diesel",25.36,"201931","importXLS"
"439","AXIGON",2019-08-08,"2019/w31","Thursday","Diesel",25.36,"201931","importXLS"
"440","AXIGON",2019-08-07,"2019/w31","Wednesday","Diesel",25.36,"201931","importXLS"
"441","AXIGON",2019-08-06,"2019/w31","Tuesday","Diesel",25.36,"201931","importXLS"
"442","AXIGON",2019-08-05,"2019/w31","Monday","Diesel",25.36,"201931","importXLS"
"443","AXIGON",2019-08-04,"2019/w30","Sunday","Diesel",25.2,"201930","importXLS"
"444","AXIGON",2019-08-03,"2019/w30","Saturday","Diesel",25.2,"201930","importXLS"
"445","AXIGON",2019-08-02,"2019/w30","Friday","Diesel",25.2,"201930","importXLS"
"446","AXIGON",2019-08-01,"2019/w30","Thursday","Diesel",25.2,"201930","importXLS"
"447","AXIGON",2019-07-31,"2019/w30","Wednesday","Diesel",25.2,"201930","importXLS"
"448","AXIGON",2019-07-30,"2019/w30","Tuesday","Diesel",25.2,"201930","importXLS"
"449","AXIGON",2019-07-29,"2019/w30","Monday","Diesel",25.2,"201930","importXLS"
"450","AXIGON",2019-07-28,"2019/w29","Sunday","Diesel",25.12,"201929","importXLS"
"451","AXIGON",2019-07-27,"2019/w29","Saturday","Diesel",25.12,"201929","importXLS"
"452","AXIGON",2019-07-26,"2019/w29","Friday","Diesel",25.12,"201929","importXLS"
"453","AXIGON",2019-07-25,"2019/w29","Thursday","Diesel",25.12,"201929","importXLS"
"454","AXIGON",2019-07-24,"2019/w29","Wednesday","Diesel",25.12,"201929","importXLS"
"455","AXIGON",2019-07-23,"2019/w29","Tuesday","Diesel",25.12,"201929","importXLS"
"456","AXIGON",2019-07-22,"2019/w29","Monday","Diesel",25.12,"201929","importXLS"
"457","AXIGON",2019-07-21,"2019/w28","Sunday","Diesel",25.2,"201928","importXLS"
"458","AXIGON",2019-07-20,"2019/w28","Saturday","Diesel",25.2,"201928","importXLS"
"459","AXIGON",2019-07-19,"2019/w28","Friday","Diesel",25.2,"201928","importXLS"
"460","AXIGON",2019-07-18,"2019/w28","Thursday","Diesel",25.2,"201928","importXLS"
"461","AXIGON",2019-07-17,"2019/w28","Wednesday","Diesel",25.2,"201928","importXLS"
"462","AXIGON",2019-07-16,"2019/w28","Tuesday","Diesel",25.2,"201928","importXLS"
"463","AXIGON",2019-07-15,"2019/w28","Monday","Diesel",25.2,"201928","importXLS"
"464","AXIGON",2019-07-14,"2019/w27","Sunday","Diesel",24.95,"201927","importXLS"
"465","AXIGON",2019-07-13,"2019/w27","Saturday","Diesel",24.95,"201927","importXLS"
"466","AXIGON",2019-07-12,"2019/w27","Friday","Diesel",24.95,"201927","importXLS"
"467","AXIGON",2019-07-11,"2019/w27","Thursday","Diesel",24.95,"201927","importXLS"
"468","AXIGON",2019-07-10,"2019/w27","Wednesday","Diesel",24.95,"201927","importXLS"
"469","AXIGON",2019-07-09,"2019/w27","Tuesday","Diesel",24.95,"201927","importXLS"
"470","AXIGON",2019-07-08,"2019/w27","Monday","Diesel",24.95,"201927","importXLS"
"471","AXIGON",2019-07-07,"2019/w26","Sunday","Diesel",25.03,"201926","importXLS"
"472","AXIGON",2019-07-06,"2019/w26","Saturday","Diesel",25.03,"201926","importXLS"
"473","AXIGON",2019-07-05,"2019/w26","Friday","Diesel",25.03,"201926","importXLS"
"474","AXIGON",2019-07-04,"2019/w26","Thursday","Diesel",25.03,"201926","importXLS"
"475","AXIGON",2019-07-03,"2019/w26","Wednesday","Diesel",25.03,"201926","importXLS"
"476","AXIGON",2019-07-02,"2019/w26","Tuesday","Diesel",25.03,"201926","importXLS"
"477","AXIGON",2019-07-01,"2019/w26","Monday","Diesel",25.03,"201926","importXLS"
"478","AXIGON",2019-06-30,"2019/w25","Sunday","Diesel",24.87,"201925","importXLS"
"479","AXIGON",2019-06-29,"2019/w25","Saturday","Diesel",24.87,"201925","importXLS"
"480","AXIGON",2019-06-28,"2019/w25","Friday","Diesel",24.87,"201925","importXLS"
"481","AXIGON",2019-06-27,"2019/w25","Thursday","Diesel",24.87,"201925","importXLS"
"482","AXIGON",2019-06-26,"2019/w25","Wednesday","Diesel",24.87,"201925","importXLS"
"483","AXIGON",2019-06-25,"2019/w25","Tuesday","Diesel",24.87,"201925","importXLS"
"484","AXIGON",2019-06-24,"2019/w25","Monday","Diesel",24.87,"201925","importXLS"
"485","AXIGON",2019-06-23,"2019/w24","Sunday","Diesel",24.79,"201924","importXLS"
"486","AXIGON",2019-06-22,"2019/w24","Saturday","Diesel",24.79,"201924","importXLS"
"487","AXIGON",2019-06-21,"2019/w24","Friday","Diesel",24.79,"201924","importXLS"
"488","AXIGON",2019-06-20,"2019/w24","Thursday","Diesel",24.79,"201924","importXLS"
"489","AXIGON",2019-06-19,"2019/w24","Wednesday","Diesel",24.79,"201924","importXLS"
"490","AXIGON",2019-06-18,"2019/w24","Tuesday","Diesel",24.79,"201924","importXLS"
"491","AXIGON",2019-06-17,"2019/w24","Monday","Diesel",24.79,"201924","importXLS"
"492","AXIGON",2019-06-16,"2019/w23","Sunday","Diesel",24.79,"201923","importXLS"
"493","AXIGON",2019-06-15,"2019/w23","Saturday","Diesel",24.79,"201923","importXLS"
"494","AXIGON",2019-06-14,"2019/w23","Friday","Diesel",24.79,"201923","importXLS"
"495","AXIGON",2019-06-13,"2019/w23","Thursday","Diesel",24.79,"201923","importXLS"
"496","AXIGON",2019-06-12,"2019/w23","Wednesday","Diesel",24.79,"201923","importXLS"
"497","AXIGON",2019-06-11,"2019/w23","Tuesday","Diesel",24.79,"201923","importXLS"
"498","AXIGON",2019-06-10,"2019/w23","Monday","Diesel",24.79,"201923","importXLS"
"499","AXIGON",2019-06-09,"2019/w22","Sunday","Diesel",25.86,"201922","importXLS"
"500","AXIGON",2019-06-08,"2019/w22","Saturday","Diesel",25.86,"201922","importXLS"
"501","AXIGON",2019-06-07,"2019/w22","Friday","Diesel",25.86,"201922","importXLS"
"502","AXIGON",2019-06-06,"2019/w22","Thursday","Diesel",25.86,"201922","importXLS"
"503","AXIGON",2019-06-05,"2019/w22","Wednesday","Diesel",25.86,"201922","importXLS"
"504","AXIGON",2019-06-04,"2019/w22","Tuesday","Diesel",25.86,"201922","importXLS"
"505","AXIGON",2019-06-03,"2019/w22","Monday","Diesel",25.86,"201922","importXLS"
"506","AXIGON",2019-06-02,"2019/w21","Sunday","Diesel",26.11,"201921","importXLS"
"507","AXIGON",2019-06-01,"2019/w21","Saturday","Diesel",26.11,"201921","importXLS"
"508","AXIGON",2019-05-31,"2019/w21","Friday","Diesel",26.11,"201921","importXLS"
"509","AXIGON",2019-05-30,"2019/w21","Thursday","Diesel",26.11,"201921","importXLS"
"510","AXIGON",2019-05-29,"2019/w21","Wednesday","Diesel",26.11,"201921","importXLS"
"511","AXIGON",2019-05-28,"2019/w21","Tuesday","Diesel",26.11,"201921","importXLS"
"512","AXIGON",2019-05-27,"2019/w21","Monday","Diesel",26.11,"201921","importXLS"
"513","AXIGON",2019-05-26,"2019/w20","Sunday","Diesel",26.27,"201920","importXLS"
"514","AXIGON",2019-05-25,"2019/w20","Saturday","Diesel",26.27,"201920","importXLS"
"515","AXIGON",2019-05-24,"2019/w20","Friday","Diesel",26.27,"201920","importXLS"
"516","AXIGON",2019-05-23,"2019/w20","Thursday","Diesel",26.27,"201920","importXLS"
"517","AXIGON",2019-05-22,"2019/w20","Wednesday","Diesel",26.27,"201920","importXLS"
"518","AXIGON",2019-05-21,"2019/w20","Tuesday","Diesel",26.27,"201920","importXLS"
"519","AXIGON",2019-05-20,"2019/w20","Monday","Diesel",26.27,"201920","importXLS"
"520","AXIGON",2019-05-19,"2019/w19","Sunday","Diesel",26.1,"201919","importXLS"
"521","AXIGON",2019-05-18,"2019/w19","Saturday","Diesel",26.1,"201919","importXLS"
"522","AXIGON",2019-05-17,"2019/w19","Friday","Diesel",26.1,"201919","importXLS"
"523","AXIGON",2019-05-16,"2019/w19","Thursday","Diesel",26.1,"201919","importXLS"
"524","AXIGON",2019-05-15,"2019/w19","Wednesday","Diesel",26.1,"201919","importXLS"
"525","AXIGON",2019-05-14,"2019/w19","Tuesday","Diesel",26.1,"201919","importXLS"
"526","AXIGON",2019-05-13,"2019/w19","Monday","Diesel",26.1,"201919","importXLS"
"527","AXIGON",2019-05-12,"2019/w18","Sunday","Diesel",26.11,"201918","importXLS"
"528","AXIGON",2019-05-11,"2019/w18","Saturday","Diesel",26.11,"201918","importXLS"
"529","AXIGON",2019-05-10,"2019/w18","Friday","Diesel",26.11,"201918","importXLS"
"530","AXIGON",2019-05-09,"2019/w18","Thursday","Diesel",26.11,"201918","importXLS"
"531","AXIGON",2019-05-08,"2019/w18","Wednesday","Diesel",26.11,"201918","importXLS"
"532","AXIGON",2019-05-07,"2019/w18","Tuesday","Diesel",26.11,"201918","importXLS"
"533","AXIGON",2019-05-06,"2019/w18","Monday","Diesel",26.11,"201918","importXLS"
"534","AXIGON",2019-05-05,"2019/w17","Sunday","Diesel",26.1,"201917","importXLS"
"535","AXIGON",2019-05-04,"2019/w17","Saturday","Diesel",26.1,"201917","importXLS"
"536","AXIGON",2019-05-03,"2019/w17","Friday","Diesel",26.1,"201917","importXLS"
"537","AXIGON",2019-05-02,"2019/w17","Thursday","Diesel",26.1,"201917","importXLS"
"538","AXIGON",2019-05-01,"2019/w17","Wednesday","Diesel",26.1,"201917","importXLS"
"539","AXIGON",2019-04-30,"2019/w17","Tuesday","Diesel",26.1,"201917","importXLS"
"540","AXIGON",2019-04-29,"2019/w17","Monday","Diesel",26.1,"201917","importXLS"
"541","AXIGON",2019-04-28,"2019/w16","Sunday","Diesel",25.86,"201916","importXLS"
"542","AXIGON",2019-04-27,"2019/w16","Saturday","Diesel",25.86,"201916","importXLS"
"543","AXIGON",2019-04-26,"2019/w16","Friday","Diesel",25.86,"201916","importXLS"
"544","AXIGON",2019-04-25,"2019/w16","Thursday","Diesel",25.86,"201916","importXLS"
"545","AXIGON",2019-04-24,"2019/w16","Wednesday","Diesel",25.86,"201916","importXLS"
"546","AXIGON",2019-04-23,"2019/w16","Tuesday","Diesel",25.86,"201916","importXLS"
"547","AXIGON",2019-04-22,"2019/w16","Monday","Diesel",25.69,"201916","importXLS"
"548","AXIGON",2019-04-21,"2019/w15","Sunday","Diesel",25.69,"201915","importXLS"
"549","AXIGON",2019-04-20,"2019/w15","Saturday","Diesel",25.69,"201915","importXLS"
"550","AXIGON",2019-04-19,"2019/w15","Friday","Diesel",25.69,"201915","importXLS"
"551","AXIGON",2019-04-18,"2019/w15","Thursday","Diesel",25.69,"201915","importXLS"
"552","AXIGON",2019-04-17,"2019/w15","Wednesday","Diesel",25.69,"201915","importXLS"
"553","AXIGON",2019-04-16,"2019/w15","Tuesday","Diesel",25.69,"201915","importXLS"
"554","AXIGON",2019-04-15,"2019/w15","Monday","Diesel",25.69,"201915","importXLS"
"555","AXIGON",2019-04-14,"2019/w14","Sunday","Diesel",25.45,"201914","importXLS"
"556","AXIGON",2019-04-13,"2019/w14","Saturday","Diesel",25.45,"201914","importXLS"
"557","AXIGON",2019-04-12,"2019/w14","Friday","Diesel",25.45,"201914","importXLS"
"558","AXIGON",2019-04-11,"2019/w14","Thursday","Diesel",25.45,"201914","importXLS"
"559","AXIGON",2019-04-10,"2019/w14","Wednesday","Diesel",25.45,"201914","importXLS"
"560","AXIGON",2019-04-09,"2019/w14","Tuesday","Diesel",25.45,"201914","importXLS"
"561","AXIGON",2019-04-08,"2019/w14","Monday","Diesel",25.45,"201914","importXLS"
"562","AXIGON",2019-04-07,"2019/w13","Sunday","Diesel",25.28,"201913","importXLS"
"563","AXIGON",2019-04-06,"2019/w13","Saturday","Diesel",25.28,"201913","importXLS"
"564","AXIGON",2019-04-05,"2019/w13","Friday","Diesel",25.28,"201913","importXLS"
"565","AXIGON",2019-04-04,"2019/w13","Thursday","Diesel",25.28,"201913","importXLS"
"566","AXIGON",2019-04-03,"2019/w13","Wednesday","Diesel",25.28,"201913","importXLS"
"567","AXIGON",2019-04-02,"2019/w13","Tuesday","Diesel",25.28,"201913","importXLS"
"568","AXIGON",2019-04-01,"2019/w13","Monday","Diesel",25.28,"201913","importXLS"
"569","AXIGON",2019-03-31,"2019/w12","Sunday","Diesel",25.28,"201912","importXLS"
"570","AXIGON",2019-03-30,"2019/w12","Saturday","Diesel",25.28,"201912","importXLS"
"571","AXIGON",2019-03-29,"2019/w12","Friday","Diesel",25.28,"201912","importXLS"
"572","AXIGON",2019-03-28,"2019/w12","Thursday","Diesel",25.28,"201912","importXLS"
"573","AXIGON",2019-03-27,"2019/w12","Wednesday","Diesel",25.28,"201912","importXLS"
"574","AXIGON",2019-03-26,"2019/w12","Tuesday","Diesel",25.28,"201912","importXLS"
"575","AXIGON",2019-03-25,"2019/w12","Monday","Diesel",25.28,"201912","importXLS"
"576","AXIGON",2019-03-24,"2019/w11","Sunday","Diesel",25.45,"201911","importXLS"
"577","AXIGON",2019-03-23,"2019/w11","Saturday","Diesel",25.45,"201911","importXLS"
"578","AXIGON",2019-03-22,"2019/w11","Friday","Diesel",25.45,"201911","importXLS"
"579","AXIGON",2019-03-21,"2019/w11","Thursday","Diesel",25.45,"201911","importXLS"
"580","AXIGON",2019-03-20,"2019/w11","Wednesday","Diesel",25.45,"201911","importXLS"
"581","AXIGON",2019-03-19,"2019/w11","Tuesday","Diesel",25.45,"201911","importXLS"
"582","AXIGON",2019-03-18,"2019/w11","Monday","Diesel",25.45,"201911","importXLS"
"583","AXIGON",2019-03-17,"2019/w10","Sunday","Diesel",25.45,"201910","importXLS"
"584","AXIGON",2019-03-16,"2019/w10","Saturday","Diesel",25.45,"201910","importXLS"
"585","AXIGON",2019-03-15,"2019/w10","Friday","Diesel",25.45,"201910","importXLS"
"586","AXIGON",2019-03-14,"2019/w10","Thursday","Diesel",25.45,"201910","importXLS"
"587","AXIGON",2019-03-13,"2019/w10","Wednesday","Diesel",25.45,"201910","importXLS"
"588","AXIGON",2019-03-12,"2019/w10","Tuesday","Diesel",25.45,"201910","importXLS"
"589","AXIGON",2019-03-11,"2019/w10","Monday","Diesel",25.45,"201910","importXLS"
"590","AXIGON",2019-03-10,"2019/w09","Sunday","Diesel",25.45,"201909","importXLS"
"591","AXIGON",2019-03-09,"2019/w09","Saturday","Diesel",25.45,"201909","importXLS"
"592","AXIGON",2019-03-08,"2019/w09","Friday","Diesel",25.45,"201909","importXLS"
"593","AXIGON",2019-03-07,"2019/w09","Thursday","Diesel",25.45,"201909","importXLS"
"594","AXIGON",2019-03-06,"2019/w09","Wednesday","Diesel",25.45,"201909","importXLS"
"595","AXIGON",2019-03-05,"2019/w09","Tuesday","Diesel",25.45,"201909","importXLS"
"596","AXIGON",2019-03-04,"2019/w09","Monday","Diesel",25.45,"201909","importXLS"
"597","AXIGON",2019-03-03,"2019/w08","Sunday","Diesel",25.86,"201908","importXLS"
"598","AXIGON",2019-03-02,"2019/w08","Saturday","Diesel",25.86,"201908","importXLS"
"599","AXIGON",2019-03-01,"2019/w08","Friday","Diesel",25.86,"201908","importXLS"
"600","AXIGON",2019-02-28,"2019/w08","Thursday","Diesel",25.86,"201908","importXLS"
"601","AXIGON",2019-02-27,"2019/w08","Wednesday","Diesel",25.86,"201908","importXLS"
"602","AXIGON",2019-02-26,"2019/w08","Tuesday","Diesel",25.86,"201908","importXLS"
"603","AXIGON",2019-02-25,"2019/w08","Monday","Diesel",25.86,"201908","importXLS"
"604","AXIGON",2019-02-24,"2019/w07","Sunday","Diesel",25.36,"201907","importXLS"
"605","AXIGON",2019-02-23,"2019/w07","Saturday","Diesel",25.36,"201907","importXLS"
"606","AXIGON",2019-02-22,"2019/w07","Friday","Diesel",25.36,"201907","importXLS"
"607","AXIGON",2019-02-21,"2019/w07","Thursday","Diesel",25.36,"201907","importXLS"
"608","AXIGON",2019-02-20,"2019/w07","Wednesday","Diesel",25.36,"201907","importXLS"
"609","AXIGON",2019-02-19,"2019/w07","Tuesday","Diesel",25.36,"201907","importXLS"
"610","AXIGON",2019-02-18,"2019/w07","Monday","Diesel",25.36,"201907","importXLS"
"611","AXIGON",2019-02-17,"2019/w06","Sunday","Diesel",25.03,"201906","importXLS"
"612","AXIGON",2019-02-16,"2019/w06","Saturday","Diesel",25.03,"201906","importXLS"
"613","AXIGON",2019-02-15,"2019/w06","Friday","Diesel",25.03,"201906","importXLS"
"614","AXIGON",2019-02-14,"2019/w06","Thursday","Diesel",25.03,"201906","importXLS"
"615","AXIGON",2019-02-13,"2019/w06","Wednesday","Diesel",25.03,"201906","importXLS"
"616","AXIGON",2019-02-12,"2019/w06","Tuesday","Diesel",25.03,"201906","importXLS"
"617","AXIGON",2019-02-11,"2019/w06","Monday","Diesel",25.03,"201906","importXLS"
"618","AXIGON",2019-02-10,"2019/w05","Sunday","Diesel",24.87,"201905","importXLS"
"619","AXIGON",2019-02-09,"2019/w05","Saturday","Diesel",24.87,"201905","importXLS"
"620","AXIGON",2019-02-08,"2019/w05","Friday","Diesel",24.87,"201905","importXLS"
"621","AXIGON",2019-02-07,"2019/w05","Thursday","Diesel",24.87,"201905","importXLS"
"622","AXIGON",2019-02-06,"2019/w05","Wednesday","Diesel",24.87,"201905","importXLS"
"623","AXIGON",2019-02-05,"2019/w05","Tuesday","Diesel",24.87,"201905","importXLS"
"624","AXIGON",2019-02-04,"2019/w05","Monday","Diesel",24.87,"201905","importXLS"
"625","AXIGON",2019-02-03,"2019/w04","Sunday","Diesel",24.87,"201904","importXLS"
"626","AXIGON",2019-02-02,"2019/w04","Saturday","Diesel",24.87,"201904","importXLS"
"627","AXIGON",2019-02-01,"2019/w04","Friday","Diesel",24.87,"201904","importXLS"
"628","AXIGON",2019-01-31,"2019/w04","Thursday","Diesel",24.87,"201904","importXLS"
"629","AXIGON",2019-01-30,"2019/w04","Wednesday","Diesel",24.87,"201904","importXLS"
"630","AXIGON",2019-01-29,"2019/w04","Tuesday","Diesel",24.87,"201904","importXLS"
"631","AXIGON",2019-01-28,"2019/w04","Monday","Diesel",24.87,"201904","importXLS"
"632","AXIGON",2019-01-27,"2019/w03","Sunday","Diesel",24.79,"201903","importXLS"
"633","AXIGON",2019-01-26,"2019/w03","Saturday","Diesel",24.79,"201903","importXLS"
"634","AXIGON",2019-01-25,"2019/w03","Friday","Diesel",24.79,"201903","importXLS"
"635","AXIGON",2019-01-24,"2019/w03","Thursday","Diesel",24.79,"201903","importXLS"
"636","AXIGON",2019-01-23,"2019/w03","Wednesday","Diesel",24.79,"201903","importXLS"
"637","AXIGON",2019-01-22,"2019/w03","Tuesday","Diesel",24.79,"201903","importXLS"
"638","AXIGON",2019-01-21,"2019/w03","Monday","Diesel",24.79,"201903","importXLS"
"639","AXIGON",2019-01-20,"2019/w02","Sunday","Diesel",24.7,"201902","importXLS"
"640","AXIGON",2019-01-19,"2019/w02","Saturday","Diesel",24.7,"201902","importXLS"
"641","AXIGON",2019-01-18,"2019/w02","Friday","Diesel",24.7,"201902","importXLS"
"642","AXIGON",2019-01-17,"2019/w02","Thursday","Diesel",24.7,"201902","importXLS"
"643","AXIGON",2019-01-16,"2019/w02","Wednesday","Diesel",24.7,"201902","importXLS"
"644","AXIGON",2019-01-15,"2019/w02","Tuesday","Diesel",24.7,"201902","importXLS"
"645","AXIGON",2019-01-14,"2019/w02","Monday","Diesel",24.7,"201902","importXLS"
"646","AXIGON",2019-01-13,"2019/w01","Sunday","Diesel",24.29,"201901","importXLS"
"647","AXIGON",2019-01-12,"2019/w01","Saturday","Diesel",24.29,"201901","importXLS"
"648","AXIGON",2019-01-11,"2019/w01","Friday","Diesel",24.29,"201901","importXLS"
"649","AXIGON",2019-01-10,"2019/w01","Thursday","Diesel",24.29,"201901","importXLS"
"650","AXIGON",2019-01-09,"2019/w01","Wednesday","Diesel",24.29,"201901","importXLS"
"651","AXIGON",2019-01-08,"2019/w01","Tuesday","Diesel",24.29,"201901","importXLS"
"652","AXIGON",2019-01-07,"2019/w01","Monday","Diesel",24.29,"201901","importXLS"
"653","AXIGON",2019-01-06,"2019/w00","Sunday","Diesel",24.71,"201900","importXLS"
"654","AXIGON",2019-01-05,"2019/w00","Saturday","Diesel",24.71,"201900","importXLS"
"655","AXIGON",2019-01-04,"2019/w00","Friday","Diesel",24.71,"201900","importXLS"
"656","AXIGON",2019-01-03,"2019/w00","Thursday","Diesel",24.71,"201900","importXLS"
"657","AXIGON",2019-01-02,"2019/w00","Wednesday","Diesel",24.71,"201900","importXLS"
"658","AXIGON",2019-01-01,"2019/w00","Tuesday","Diesel",24.71,"201900","importXLS"
"659","AXIGON",2018-12-31,"2018/w53","Monday","Diesel",24.71,"201853","importXLS"
"660","AXIGON",2018-12-30,"2018/w52","Sunday","Diesel",24.71,"201852","importXLS"
"661","AXIGON",2018-12-29,"2018/w52","Saturday","Diesel",24.71,"201852","importXLS"
"662","AXIGON",2018-12-28,"2018/w52","Friday","Diesel",24.71,"201852","importXLS"
"663","AXIGON",2018-12-27,"2018/w52","Thursday","Diesel",24.71,"201852","importXLS"
"664","AXIGON",2018-12-26,"2018/w52","Wednesday","Diesel",24.71,"201852","importXLS"
"665","AXIGON",2018-12-25,"2018/w52","Tuesday","Diesel",24.71,"201852","importXLS"
"666","AXIGON",2018-12-24,"2018/w52","Monday","Diesel",24.71,"201852","importXLS"
"667","AXIGON",2018-12-23,"2018/w51","Sunday","Diesel",25.2,"201851","importXLS"
"668","AXIGON",2018-12-22,"2018/w51","Saturday","Diesel",25.2,"201851","importXLS"
"669","AXIGON",2018-12-21,"2018/w51","Friday","Diesel",25.2,"201851","importXLS"
"670","AXIGON",2018-12-20,"2018/w51","Thursday","Diesel",25.2,"201851","importXLS"
"671","AXIGON",2018-12-19,"2018/w51","Wednesday","Diesel",25.2,"201851","importXLS"
"672","AXIGON",2018-12-18,"2018/w51","Tuesday","Diesel",25.2,"201851","importXLS"
"673","AXIGON",2018-12-17,"2018/w51","Monday","Diesel",25.2,"201851","importXLS"
"674","AXIGON",2018-12-16,"2018/w50","Sunday","Diesel",25.5,"201850","importXLS"
"675","AXIGON",2018-12-15,"2018/w50","Saturday","Diesel",25.5,"201850","importXLS"
"676","AXIGON",2018-12-14,"2018/w50","Friday","Diesel",25.5,"201850","importXLS"
"677","AXIGON",2018-12-13,"2018/w50","Thursday","Diesel",25.5,"201850","importXLS"
"678","AXIGON",2018-12-12,"2018/w50","Wednesday","Diesel",25.5,"201850","importXLS"
"679","AXIGON",2018-12-11,"2018/w50","Tuesday","Diesel",25.5,"201850","importXLS"
"680","AXIGON",2018-12-10,"2018/w50","Monday","Diesel",25.5,"201850","importXLS"
"681","AXIGON",2018-12-09,"2018/w49","Sunday","Diesel",25.53,"201849","importXLS"
"682","AXIGON",2018-12-08,"2018/w49","Saturday","Diesel",25.53,"201849","importXLS"
"683","AXIGON",2018-12-07,"2018/w49","Friday","Diesel",25.53,"201849","importXLS"
"684","AXIGON",2018-12-06,"2018/w49","Thursday","Diesel",25.53,"201849","importXLS"
"685","AXIGON",2018-12-05,"2018/w49","Wednesday","Diesel",25.53,"201849","importXLS"
"686","AXIGON",2018-12-04,"2018/w49","Tuesday","Diesel",25.53,"201849","importXLS"
"687","AXIGON",2018-12-03,"2018/w49","Monday","Diesel",25.53,"201849","importXLS"
"688","AXIGON",2018-12-02,"2018/w48","Sunday","Diesel",26.36,"201848","importXLS"
"689","AXIGON",2018-12-01,"2018/w48","Saturday","Diesel",26.36,"201848","importXLS"
"690","AXIGON",2018-11-30,"2018/w48","Friday","Diesel",26.36,"201848","importXLS"
"691","AXIGON",2018-11-29,"2018/w48","Thursday","Diesel",26.36,"201848","importXLS"
"692","AXIGON",2018-11-28,"2018/w48","Wednesday","Diesel",26.36,"201848","importXLS"
"693","AXIGON",2018-11-27,"2018/w48","Tuesday","Diesel",26.36,"201848","importXLS"
"694","AXIGON",2018-11-26,"2018/w48","Monday","Diesel",26.36,"201848","importXLS"
"695","AXIGON",2018-11-25,"2018/w47","Sunday","Diesel",27.02,"201847","importXLS"
"696","AXIGON",2018-11-24,"2018/w47","Saturday","Diesel",27.02,"201847","importXLS"
"697","AXIGON",2018-11-23,"2018/w47","Friday","Diesel",27.02,"201847","importXLS"
"698","AXIGON",2018-11-22,"2018/w47","Thursday","Diesel",27.02,"201847","importXLS"
"699","AXIGON",2018-11-21,"2018/w47","Wednesday","Diesel",27.02,"201847","importXLS"
"700","AXIGON",2018-11-20,"2018/w47","Tuesday","Diesel",27.02,"201847","importXLS"
"701","AXIGON",2018-11-19,"2018/w47","Monday","Diesel",27.02,"201847","importXLS"
"702","AXIGON",2018-11-18,"2018/w46","Sunday","Diesel",27.1,"201846","importXLS"
"703","AXIGON",2018-11-17,"2018/w46","Saturday","Diesel",27.1,"201846","importXLS"
"704","AXIGON",2018-11-16,"2018/w46","Friday","Diesel",27.1,"201846","importXLS"
"705","AXIGON",2018-11-15,"2018/w46","Thursday","Diesel",27.1,"201846","importXLS"
"706","AXIGON",2018-11-14,"2018/w46","Wednesday","Diesel",27.1,"201846","importXLS"
"707","AXIGON",2018-11-13,"2018/w46","Tuesday","Diesel",27.1,"201846","importXLS"
"708","AXIGON",2018-11-12,"2018/w46","Monday","Diesel",27.26,"201846","importXLS"
"709","AXIGON",2018-11-11,"2018/w45","Sunday","Diesel",27.26,"201845","importXLS"
"710","AXIGON",2018-11-10,"2018/w45","Saturday","Diesel",27.26,"201845","importXLS"
"711","AXIGON",2018-11-09,"2018/w45","Friday","Diesel",27.26,"201845","importXLS"
"712","AXIGON",2018-11-08,"2018/w45","Thursday","Diesel",27.26,"201845","importXLS"
"713","AXIGON",2018-11-07,"2018/w45","Wednesday","Diesel",27.26,"201845","importXLS"
"714","AXIGON",2018-11-06,"2018/w45","Tuesday","Diesel",27.26,"201845","importXLS"
"715","AXIGON",2018-11-05,"2018/w45","Monday","Diesel",27.26,"201845","importXLS"
"716","AXIGON",2018-11-04,"2018/w44","Sunday","Diesel",27.26,"201844","importXLS"
"717","AXIGON",2018-11-03,"2018/w44","Saturday","Diesel",27.26,"201844","importXLS"
"718","AXIGON",2018-11-02,"2018/w44","Friday","Diesel",27.26,"201844","importXLS"
"719","AXIGON",2018-11-01,"2018/w44","Thursday","Diesel",27.26,"201844","importXLS"
"720","AXIGON",2018-10-31,"2018/w44","Wednesday","Diesel",27.26,"201844","importXLS"
"721","AXIGON",2018-10-30,"2018/w44","Tuesday","Diesel",27.26,"201844","importXLS"
"722","AXIGON",2018-10-29,"2018/w44","Monday","Diesel",27.26,"201844","importXLS"
"723","AXIGON",2018-10-28,"2018/w43","Sunday","Diesel",27.26,"201843","importXLS"
"724","AXIGON",2018-10-27,"2018/w43","Saturday","Diesel",27.26,"201843","importXLS"
"725","AXIGON",2018-10-26,"2018/w43","Friday","Diesel",27.26,"201843","importXLS"
"726","AXIGON",2018-10-25,"2018/w43","Thursday","Diesel",27.26,"201843","importXLS"
"727","AXIGON",2018-10-24,"2018/w43","Wednesday","Diesel",27.26,"201843","importXLS"
"728","AXIGON",2018-10-23,"2018/w43","Tuesday","Diesel",27.26,"201843","importXLS"
"729","AXIGON",2018-10-22,"2018/w43","Monday","Diesel",27.26,"201843","importXLS"
"730","AXIGON",2018-10-21,"2018/w42","Sunday","Diesel",27.5,"201842","importXLS"
"731","AXIGON",2018-10-20,"2018/w42","Saturday","Diesel",27.5,"201842","importXLS"
"732","AXIGON",2018-10-19,"2018/w42","Friday","Diesel",27.5,"201842","importXLS"
"733","AXIGON",2018-10-18,"2018/w42","Thursday","Diesel",27.5,"201842","importXLS"
"734","AXIGON",2018-10-17,"2018/w42","Wednesday","Diesel",27.5,"201842","importXLS"
"735","AXIGON",2018-10-16,"2018/w42","Tuesday","Diesel",27.5,"201842","importXLS"
"736","AXIGON",2018-10-15,"2018/w42","Monday","Diesel",27.5,"201842","importXLS"
"737","AXIGON",2018-10-14,"2018/w41","Sunday","Diesel",27.51,"201841","importXLS"
"738","AXIGON",2018-10-13,"2018/w41","Saturday","Diesel",27.51,"201841","importXLS"
"739","AXIGON",2018-10-12,"2018/w41","Friday","Diesel",27.51,"201841","importXLS"
"740","AXIGON",2018-10-11,"2018/w41","Thursday","Diesel",27.51,"201841","importXLS"
"741","AXIGON",2018-10-10,"2018/w41","Wednesday","Diesel",27.51,"201841","importXLS"
"742","AXIGON",2018-10-09,"2018/w41","Tuesday","Diesel",27.51,"201841","importXLS"
"743","AXIGON",2018-10-08,"2018/w41","Monday","Diesel",27.51,"201841","importXLS"
"744","AXIGON",2018-10-07,"2018/w40","Sunday","Diesel",26.6,"201840","importXLS"
"745","AXIGON",2018-10-06,"2018/w40","Saturday","Diesel",26.6,"201840","importXLS"
"746","AXIGON",2018-10-05,"2018/w40","Friday","Diesel",26.6,"201840","importXLS"
"747","AXIGON",2018-10-04,"2018/w40","Thursday","Diesel",26.6,"201840","importXLS"
"748","AXIGON",2018-10-03,"2018/w40","Wednesday","Diesel",26.6,"201840","importXLS"
"749","AXIGON",2018-10-02,"2018/w40","Tuesday","Diesel",26.6,"201840","importXLS"
"750","AXIGON",2018-10-01,"2018/w40","Monday","Diesel",26.6,"201840","importXLS"
"751","AXIGON",2018-09-30,"2018/w39","Sunday","Diesel",26.02,"201839","importXLS"
"752","AXIGON",2018-09-29,"2018/w39","Saturday","Diesel",26.02,"201839","importXLS"
"753","AXIGON",2018-09-28,"2018/w39","Friday","Diesel",26.02,"201839","importXLS"
"754","AXIGON",2018-09-27,"2018/w39","Thursday","Diesel",26.02,"201839","importXLS"
"755","AXIGON",2018-09-26,"2018/w39","Wednesday","Diesel",26.02,"201839","importXLS"
"756","AXIGON",2018-09-25,"2018/w39","Tuesday","Diesel",26.02,"201839","importXLS"
"757","AXIGON",2018-09-24,"2018/w39","Monday","Diesel",26.02,"201839","importXLS"
"758","AXIGON",2018-09-23,"2018/w38","Sunday","Diesel",26.2,"201838","importXLS"
"759","AXIGON",2018-09-22,"2018/w38","Saturday","Diesel",26.2,"201838","importXLS"
"760","AXIGON",2018-09-21,"2018/w38","Friday","Diesel",26.2,"201838","importXLS"
"761","AXIGON",2018-09-20,"2018/w38","Thursday","Diesel",26.2,"201838","importXLS"
"762","AXIGON",2018-09-19,"2018/w38","Wednesday","Diesel",26.2,"201838","importXLS"
"763","AXIGON",2018-09-18,"2018/w38","Tuesday","Diesel",26.2,"201838","importXLS"
"764","AXIGON",2018-09-17,"2018/w38","Monday","Diesel",26.2,"201838","importXLS"
"765","AXIGON",2018-09-16,"2018/w37","Sunday","Diesel",26.4,"201837","importXLS"
"766","AXIGON",2018-09-15,"2018/w37","Saturday","Diesel",26.4,"201837","importXLS"
"767","AXIGON",2018-09-14,"2018/w37","Friday","Diesel",26.4,"201837","importXLS"
"768","AXIGON",2018-09-13,"2018/w37","Thursday","Diesel",26.4,"201837","importXLS"
"769","AXIGON",2018-09-12,"2018/w37","Wednesday","Diesel",26.4,"201837","importXLS"
"770","AXIGON",2018-09-11,"2018/w37","Tuesday","Diesel",26.4,"201837","importXLS"
"771","AXIGON",2018-09-10,"2018/w37","Monday","Diesel",26.4,"201837","importXLS"
"772","AXIGON",2018-09-09,"2018/w36","Sunday","Diesel",26.11,"201836","importXLS"
"773","AXIGON",2018-09-08,"2018/w36","Saturday","Diesel",26.11,"201836","importXLS"
"774","AXIGON",2018-09-07,"2018/w36","Friday","Diesel",26.11,"201836","importXLS"
"775","AXIGON",2018-09-06,"2018/w36","Thursday","Diesel",26.11,"201836","importXLS"
"776","AXIGON",2018-09-05,"2018/w36","Wednesday","Diesel",26.11,"201836","importXLS"
"777","AXIGON",2018-09-04,"2018/w36","Tuesday","Diesel",26.11,"201836","importXLS"
"778","AXIGON",2018-09-03,"2018/w36","Monday","Diesel",26.11,"201836","importXLS"
"779","AXIGON",2018-09-02,"2018/w35","Sunday","Diesel",25.86,"201835","importXLS"
"780","AXIGON",2018-09-01,"2018/w35","Saturday","Diesel",25.86,"201835","importXLS"
"781","AXIGON",2018-08-31,"2018/w35","Friday","Diesel",25.86,"201835","importXLS"
"782","AXIGON",2018-08-30,"2018/w35","Thursday","Diesel",25.86,"201835","importXLS"
"783","AXIGON",2018-08-29,"2018/w35","Wednesday","Diesel",25.86,"201835","importXLS"
"784","AXIGON",2018-08-28,"2018/w35","Tuesday","Diesel",25.86,"201835","importXLS"
"785","AXIGON",2018-08-27,"2018/w35","Monday","Diesel",25.86,"201835","importXLS"
"786","AXIGON",2018-08-26,"2018/w34","Sunday","Diesel",25.78,"201834","importXLS"
"787","AXIGON",2018-08-25,"2018/w34","Saturday","Diesel",25.78,"201834","importXLS"
"788","AXIGON",2018-08-24,"2018/w34","Friday","Diesel",25.78,"201834","importXLS"
"789","AXIGON",2018-08-23,"2018/w34","Thursday","Diesel",25.78,"201834","importXLS"
"790","AXIGON",2018-08-22,"2018/w34","Wednesday","Diesel",25.78,"201834","importXLS"
"791","AXIGON",2018-08-21,"2018/w34","Tuesday","Diesel",25.78,"201834","importXLS"
"792","AXIGON",2018-08-20,"2018/w34","Monday","Diesel",25.78,"201834","importXLS"
"793","AXIGON",2018-08-19,"2018/w33","Sunday","Diesel",25.69,"201833","importXLS"
"794","AXIGON",2018-08-18,"2018/w33","Saturday","Diesel",25.69,"201833","importXLS"
"795","AXIGON",2018-08-17,"2018/w33","Friday","Diesel",25.69,"201833","importXLS"
"796","AXIGON",2018-08-16,"2018/w33","Thursday","Diesel",25.69,"201833","importXLS"
"797","AXIGON",2018-08-15,"2018/w33","Wednesday","Diesel",25.69,"201833","importXLS"
"798","AXIGON",2018-08-14,"2018/w33","Tuesday","Diesel",25.69,"201833","importXLS"
"799","AXIGON",2018-08-13,"2018/w33","Monday","Diesel",25.69,"201833","importXLS"
"800","AXIGON",2018-08-12,"2018/w32","Sunday","Diesel",25.6,"201832","importXLS"
"801","AXIGON",2018-08-11,"2018/w32","Saturday","Diesel",25.6,"201832","importXLS"
"802","AXIGON",2018-08-10,"2018/w32","Friday","Diesel",25.6,"201832","importXLS"
"803","AXIGON",2018-08-09,"2018/w32","Thursday","Diesel",25.6,"201832","importXLS"
"804","AXIGON",2018-08-08,"2018/w32","Wednesday","Diesel",25.6,"201832","importXLS"
"805","AXIGON",2018-08-07,"2018/w32","Tuesday","Diesel",25.6,"201832","importXLS"
"806","AXIGON",2018-08-06,"2018/w32","Monday","Diesel",25.6,"201832","importXLS"
"807","AXIGON",2018-08-05,"2018/w31","Sunday","Diesel",25.7,"201831","importXLS"
"808","AXIGON",2018-08-04,"2018/w31","Saturday","Diesel",25.7,"201831","importXLS"
"809","AXIGON",2018-08-03,"2018/w31","Friday","Diesel",25.7,"201831","importXLS"
"810","AXIGON",2018-08-02,"2018/w31","Thursday","Diesel",25.7,"201831","importXLS"
"811","AXIGON",2018-08-01,"2018/w31","Wednesday","Diesel",25.7,"201831","importXLS"
"812","AXIGON",2018-07-31,"2018/w31","Tuesday","Diesel",25.7,"201831","importXLS"
"813","AXIGON",2018-07-30,"2018/w31","Monday","Diesel",25.7,"201831","importXLS"
"814","AXIGON",2018-07-29,"2018/w30","Sunday","Diesel",25.54,"201830","importXLS"
"815","AXIGON",2018-07-28,"2018/w30","Saturday","Diesel",25.54,"201830","importXLS"
"816","AXIGON",2018-07-27,"2018/w30","Friday","Diesel",25.54,"201830","importXLS"
"817","AXIGON",2018-07-26,"2018/w30","Thursday","Diesel",25.54,"201830","importXLS"
"818","AXIGON",2018-07-25,"2018/w30","Wednesday","Diesel",25.54,"201830","importXLS"
"819","AXIGON",2018-07-24,"2018/w30","Tuesday","Diesel",25.54,"201830","importXLS"
"820","AXIGON",2018-07-23,"2018/w30","Monday","Diesel",25.54,"201830","importXLS"
"821","AXIGON",2018-07-22,"2018/w29","Sunday","Diesel",25.85,"201829","importXLS"
"822","AXIGON",2018-07-21,"2018/w29","Saturday","Diesel",25.85,"201829","importXLS"
"823","AXIGON",2018-07-20,"2018/w29","Friday","Diesel",25.85,"201829","importXLS"
"824","AXIGON",2018-07-19,"2018/w29","Thursday","Diesel",25.85,"201829","importXLS"
"825","AXIGON",2018-07-18,"2018/w29","Wednesday","Diesel",25.85,"201829","importXLS"
"826","AXIGON",2018-07-17,"2018/w29","Tuesday","Diesel",25.85,"201829","importXLS"
"827","AXIGON",2018-07-16,"2018/w29","Monday","Diesel",25.85,"201829","importXLS"
"828","AXIGON",2018-07-15,"2018/w28","Sunday","Diesel",26.02,"201828","importXLS"
"829","AXIGON",2018-07-14,"2018/w28","Saturday","Diesel",26.02,"201828","importXLS"
"830","AXIGON",2018-07-13,"2018/w28","Friday","Diesel",26.02,"201828","importXLS"
"831","AXIGON",2018-07-12,"2018/w28","Thursday","Diesel",26.02,"201828","importXLS"
"832","AXIGON",2018-07-11,"2018/w28","Wednesday","Diesel",26.02,"201828","importXLS"
"833","AXIGON",2018-07-10,"2018/w28","Tuesday","Diesel",26.02,"201828","importXLS"
"834","AXIGON",2018-07-09,"2018/w28","Monday","Diesel",26.02,"201828","importXLS"
"835","AXIGON",2018-07-08,"2018/w27","Sunday","Diesel",25.86,"201827","importXLS"
"836","AXIGON",2018-07-07,"2018/w27","Saturday","Diesel",25.86,"201827","importXLS"
"837","AXIGON",2018-07-06,"2018/w27","Friday","Diesel",25.86,"201827","importXLS"
"838","AXIGON",2018-07-05,"2018/w27","Thursday","Diesel",25.86,"201827","importXLS"
"839","AXIGON",2018-07-04,"2018/w27","Wednesday","Diesel",25.86,"201827","importXLS"
"840","AXIGON",2018-07-03,"2018/w27","Tuesday","Diesel",25.86,"201827","importXLS"
"841","AXIGON",2018-07-02,"2018/w27","Monday","Diesel",25.86,"201827","importXLS"
"842","AXIGON",2018-07-01,"2018/w26","Sunday","Diesel",25.69,"201826","importXLS"
"843","AXIGON",2018-06-30,"2018/w26","Saturday","Diesel",25.69,"201826","importXLS"
"844","AXIGON",2018-06-29,"2018/w26","Friday","Diesel",25.69,"201826","importXLS"
"845","AXIGON",2018-06-28,"2018/w26","Thursday","Diesel",25.69,"201826","importXLS"
"846","AXIGON",2018-06-27,"2018/w26","Wednesday","Diesel",25.69,"201826","importXLS"
"847","AXIGON",2018-06-26,"2018/w26","Tuesday","Diesel",25.69,"201826","importXLS"
"848","AXIGON",2018-06-25,"2018/w26","Monday","Diesel",25.69,"201826","importXLS"
"849","AXIGON",2018-06-24,"2018/w25","Sunday","Diesel",25.85,"201825","importXLS"
"850","AXIGON",2018-06-23,"2018/w25","Saturday","Diesel",25.85,"201825","importXLS"
"851","AXIGON",2018-06-22,"2018/w25","Friday","Diesel",25.85,"201825","importXLS"
"852","AXIGON",2018-06-21,"2018/w25","Thursday","Diesel",25.85,"201825","importXLS"
"853","AXIGON",2018-06-20,"2018/w25","Wednesday","Diesel",25.85,"201825","importXLS"
"854","AXIGON",2018-06-19,"2018/w25","Tuesday","Diesel",25.85,"201825","importXLS"
"855","AXIGON",2018-06-18,"2018/w25","Monday","Diesel",25.85,"201825","importXLS"
"856","AXIGON",2018-06-17,"2018/w24","Sunday","Diesel",25.85,"201824","importXLS"
"857","AXIGON",2018-06-16,"2018/w24","Saturday","Diesel",25.85,"201824","importXLS"
"858","AXIGON",2018-06-15,"2018/w24","Friday","Diesel",25.85,"201824","importXLS"
"859","AXIGON",2018-06-14,"2018/w24","Thursday","Diesel",25.85,"201824","importXLS"
"860","AXIGON",2018-06-13,"2018/w24","Wednesday","Diesel",25.85,"201824","importXLS"
"861","AXIGON",2018-06-12,"2018/w24","Tuesday","Diesel",25.85,"201824","importXLS"
"862","AXIGON",2018-06-11,"2018/w24","Monday","Diesel",25.85,"201824","importXLS"
"863","AXIGON",2018-06-10,"2018/w23","Sunday","Diesel",26.19,"201823","importXLS"
"864","AXIGON",2018-06-09,"2018/w23","Saturday","Diesel",26.19,"201823","importXLS"
"865","AXIGON",2018-06-08,"2018/w23","Friday","Diesel",26.19,"201823","importXLS"
"866","AXIGON",2018-06-07,"2018/w23","Thursday","Diesel",26.19,"201823","importXLS"
"867","AXIGON",2018-06-06,"2018/w23","Wednesday","Diesel",26.19,"201823","importXLS"
"868","AXIGON",2018-06-05,"2018/w23","Tuesday","Diesel",26.19,"201823","importXLS"
"869","AXIGON",2018-06-04,"2018/w23","Monday","Diesel",26.19,"201823","importXLS"
"870","AXIGON",2018-06-03,"2018/w22","Sunday","Diesel",26.27,"201822","importXLS"
"871","AXIGON",2018-06-02,"2018/w22","Saturday","Diesel",26.27,"201822","importXLS"
"872","AXIGON",2018-06-01,"2018/w22","Friday","Diesel",26.27,"201822","importXLS"
"873","AXIGON",2018-05-31,"2018/w22","Thursday","Diesel",26.27,"201822","importXLS"
"874","AXIGON",2018-05-30,"2018/w22","Wednesday","Diesel",26.27,"201822","importXLS"
"875","AXIGON",2018-05-29,"2018/w22","Tuesday","Diesel",26.27,"201822","importXLS"
"876","AXIGON",2018-05-28,"2018/w22","Monday","Diesel",26.27,"201822","importXLS"
"877","AXIGON",2018-05-27,"2018/w21","Sunday","Diesel",25.9,"201821","importXLS"
"878","AXIGON",2018-05-26,"2018/w21","Saturday","Diesel",25.9,"201821","importXLS"
"879","AXIGON",2018-05-25,"2018/w21","Friday","Diesel",25.9,"201821","importXLS"
"880","AXIGON",2018-05-24,"2018/w21","Thursday","Diesel",25.9,"201821","importXLS"
"881","AXIGON",2018-05-23,"2018/w21","Wednesday","Diesel",25.9,"201821","importXLS"
"882","AXIGON",2018-05-22,"2018/w21","Tuesday","Diesel",25.9,"201821","importXLS"
"883","AXIGON",2018-05-21,"2018/w21","Monday","Diesel",25.9,"201821","importXLS"
"884","AXIGON",2018-05-20,"2018/w20","Sunday","Diesel",25.45,"201820","importXLS"
"885","AXIGON",2018-05-19,"2018/w20","Saturday","Diesel",25.45,"201820","importXLS"
"886","AXIGON",2018-05-18,"2018/w20","Friday","Diesel",25.45,"201820","importXLS"
"887","AXIGON",2018-05-17,"2018/w20","Thursday","Diesel",25.45,"201820","importXLS"
"888","AXIGON",2018-05-16,"2018/w20","Wednesday","Diesel",25.45,"201820","importXLS"
"889","AXIGON",2018-05-15,"2018/w20","Tuesday","Diesel",25.45,"201820","importXLS"
"890","AXIGON",2018-05-14,"2018/w20","Monday","Diesel",25.45,"201820","importXLS"
"891","AXIGON",2018-05-13,"2018/w19","Sunday","Diesel",25.12,"201819","importXLS"
"892","AXIGON",2018-05-12,"2018/w19","Saturday","Diesel",25.12,"201819","importXLS"
"893","AXIGON",2018-05-11,"2018/w19","Friday","Diesel",25.12,"201819","importXLS"
"894","AXIGON",2018-05-10,"2018/w19","Thursday","Diesel",25.12,"201819","importXLS"
"895","AXIGON",2018-05-09,"2018/w19","Wednesday","Diesel",25.12,"201819","importXLS"
"896","AXIGON",2018-05-08,"2018/w19","Tuesday","Diesel",25.12,"201819","importXLS"
"897","AXIGON",2018-05-07,"2018/w19","Monday","Diesel",25.12,"201819","importXLS"
"898","AXIGON",2018-05-06,"2018/w18","Sunday","Diesel",24.79,"201818","importXLS"
"899","AXIGON",2018-05-05,"2018/w18","Saturday","Diesel",24.79,"201818","importXLS"
"900","AXIGON",2018-05-04,"2018/w18","Friday","Diesel",24.79,"201818","importXLS"
"901","AXIGON",2018-05-03,"2018/w18","Thursday","Diesel",24.79,"201818","importXLS"
"902","AXIGON",2018-05-02,"2018/w18","Wednesday","Diesel",24.79,"201818","importXLS"
"903","AXIGON",2018-05-01,"2018/w18","Tuesday","Diesel",24.79,"201818","importXLS"
"904","AXIGON",2018-04-30,"2018/w18","Monday","Diesel",24.79,"201818","importXLS"
"905","AXIGON",2018-04-29,"2018/w17","Sunday","Diesel",24.2,"201817","importXLS"
"906","AXIGON",2018-04-28,"2018/w17","Saturday","Diesel",24.2,"201817","importXLS"
"907","AXIGON",2018-04-27,"2018/w17","Friday","Diesel",24.2,"201817","importXLS"
"908","AXIGON",2018-04-26,"2018/w17","Thursday","Diesel",24.2,"201817","importXLS"
"909","AXIGON",2018-04-25,"2018/w17","Wednesday","Diesel",24.2,"201817","importXLS"
"910","AXIGON",2018-04-24,"2018/w17","Tuesday","Diesel",24.2,"201817","importXLS"
"911","AXIGON",2018-04-23,"2018/w17","Monday","Diesel",24.2,"201817","importXLS"
"912","AXIGON",2018-04-22,"2018/w16","Sunday","Diesel",24.2,"201816","importXLS"
"913","AXIGON",2018-04-21,"2018/w16","Saturday","Diesel",24.2,"201816","importXLS"
"914","AXIGON",2018-04-20,"2018/w16","Friday","Diesel",24.2,"201816","importXLS"
"915","AXIGON",2018-04-19,"2018/w16","Thursday","Diesel",24.2,"201816","importXLS"
"916","AXIGON",2018-04-18,"2018/w16","Wednesday","Diesel",24.2,"201816","importXLS"
"917","AXIGON",2018-04-17,"2018/w16","Tuesday","Diesel",24.2,"201816","importXLS"
"918","AXIGON",2018-04-16,"2018/w16","Monday","Diesel",24.2,"201816","importXLS"
"919","AXIGON",2018-04-15,"2018/w15","Sunday","Diesel",23.95,"201815","importXLS"
"920","AXIGON",2018-04-14,"2018/w15","Saturday","Diesel",23.95,"201815","importXLS"
"921","AXIGON",2018-04-13,"2018/w15","Friday","Diesel",23.95,"201815","importXLS"
"922","AXIGON",2018-04-12,"2018/w15","Thursday","Diesel",23.95,"201815","importXLS"
"923","AXIGON",2018-04-11,"2018/w15","Wednesday","Diesel",23.95,"201815","importXLS"
"924","AXIGON",2018-04-10,"2018/w15","Tuesday","Diesel",23.95,"201815","importXLS"
"925","AXIGON",2018-04-09,"2018/w15","Monday","Diesel",23.95,"201815","importXLS"
"926","AXIGON",2018-04-08,"2018/w14","Sunday","Diesel",23.95,"201814","importXLS"
"927","AXIGON",2018-04-07,"2018/w14","Saturday","Diesel",23.95,"201814","importXLS"
"928","AXIGON",2018-04-06,"2018/w14","Friday","Diesel",23.95,"201814","importXLS"
"929","AXIGON",2018-04-05,"2018/w14","Thursday","Diesel",23.95,"201814","importXLS"
"930","AXIGON",2018-04-04,"2018/w14","Wednesday","Diesel",23.95,"201814","importXLS"
"931","AXIGON",2018-04-03,"2018/w14","Tuesday","Diesel",23.95,"201814","importXLS"
"932","AXIGON",2018-04-02,"2018/w14","Monday","Diesel",23.95,"201814","importXLS"
"933","AXIGON",2018-04-01,"2018/w13","Sunday","Diesel",23.71,"201813","importXLS"
"934","AXIGON",2018-03-31,"2018/w13","Saturday","Diesel",23.71,"201813","importXLS"
"935","AXIGON",2018-03-30,"2018/w13","Friday","Diesel",23.71,"201813","importXLS"
"936","AXIGON",2018-03-29,"2018/w13","Thursday","Diesel",23.71,"201813","importXLS"
"937","AXIGON",2018-03-28,"2018/w13","Wednesday","Diesel",23.71,"201813","importXLS"
"938","AXIGON",2018-03-27,"2018/w13","Tuesday","Diesel",23.71,"201813","importXLS"
"939","AXIGON",2018-03-26,"2018/w13","Monday","Diesel",23.71,"201813","importXLS"
"940","AXIGON",2018-03-25,"2018/w12","Sunday","Diesel",23.38,"201812","importXLS"
"941","AXIGON",2018-03-24,"2018/w12","Saturday","Diesel",23.38,"201812","importXLS"
"942","AXIGON",2018-03-23,"2018/w12","Friday","Diesel",23.38,"201812","importXLS"
"943","AXIGON",2018-03-22,"2018/w12","Thursday","Diesel",23.38,"201812","importXLS"
"944","AXIGON",2018-03-21,"2018/w12","Wednesday","Diesel",23.38,"201812","importXLS"
"945","AXIGON",2018-03-20,"2018/w12","Tuesday","Diesel",23.38,"201812","importXLS"
"946","AXIGON",2018-03-19,"2018/w12","Monday","Diesel",23.38,"201812","importXLS"
"947","AXIGON",2018-03-18,"2018/w11","Sunday","Diesel",23.3,"201811","importXLS"
"948","AXIGON",2018-03-17,"2018/w11","Saturday","Diesel",23.3,"201811","importXLS"
"949","AXIGON",2018-03-16,"2018/w11","Friday","Diesel",23.3,"201811","importXLS"
"950","AXIGON",2018-03-15,"2018/w11","Thursday","Diesel",23.3,"201811","importXLS"
"951","AXIGON",2018-03-14,"2018/w11","Wednesday","Diesel",23.3,"201811","importXLS"
"952","AXIGON",2018-03-13,"2018/w11","Tuesday","Diesel",23.3,"201811","importXLS"
"953","AXIGON",2018-03-12,"2018/w11","Monday","Diesel",23.3,"201811","importXLS"
"954","AXIGON",2018-03-11,"2018/w10","Sunday","Diesel",23.5,"201810","importXLS"
"955","AXIGON",2018-03-10,"2018/w10","Saturday","Diesel",23.5,"201810","importXLS"
"956","AXIGON",2018-03-09,"2018/w10","Friday","Diesel",23.5,"201810","importXLS"
"957","AXIGON",2018-03-08,"2018/w10","Thursday","Diesel",23.5,"201810","importXLS"
"958","AXIGON",2018-03-07,"2018/w10","Wednesday","Diesel",23.5,"201810","importXLS"
"959","AXIGON",2018-03-06,"2018/w10","Tuesday","Diesel",23.5,"201810","importXLS"
"960","AXIGON",2018-03-05,"2018/w10","Monday","Diesel",23.5,"201810","importXLS"
"961","AXIGON",2018-03-04,"2018/w09","Sunday","Diesel",23.43,"201809","importXLS"
"962","AXIGON",2018-03-03,"2018/w09","Saturday","Diesel",23.43,"201809","importXLS"
"963","AXIGON",2018-03-02,"2018/w09","Friday","Diesel",23.43,"201809","importXLS"
"964","AXIGON",2018-03-01,"2018/w09","Thursday","Diesel",23.43,"201809","importXLS"
"965","AXIGON",2018-02-28,"2018/w09","Wednesday","Diesel",23.43,"201809","importXLS"
"966","AXIGON",2018-02-27,"2018/w09","Tuesday","Diesel",23.43,"201809","importXLS"
"967","AXIGON",2018-02-26,"2018/w09","Monday","Diesel",23.43,"201809","importXLS"
"968","AXIGON",2018-02-25,"2018/w08","Sunday","Diesel",23.12,"201808","importXLS"
"969","AXIGON",2018-02-24,"2018/w08","Saturday","Diesel",23.12,"201808","importXLS"
"970","AXIGON",2018-02-23,"2018/w08","Friday","Diesel",23.12,"201808","importXLS"
"971","AXIGON",2018-02-22,"2018/w08","Thursday","Diesel",23.12,"201808","importXLS"
"972","AXIGON",2018-02-21,"2018/w08","Wednesday","Diesel",23.12,"201808","importXLS"
"973","AXIGON",2018-02-20,"2018/w08","Tuesday","Diesel",23.12,"201808","importXLS"
"974","AXIGON",2018-02-19,"2018/w08","Monday","Diesel",23.12,"201808","importXLS"
"975","AXIGON",2018-02-18,"2018/w07","Sunday","Diesel",23.55,"201807","importXLS"
"976","AXIGON",2018-02-17,"2018/w07","Saturday","Diesel",23.55,"201807","importXLS"
"977","AXIGON",2018-02-16,"2018/w07","Friday","Diesel",23.55,"201807","importXLS"
"978","AXIGON",2018-02-15,"2018/w07","Thursday","Diesel",23.55,"201807","importXLS"
"979","AXIGON",2018-02-14,"2018/w07","Wednesday","Diesel",23.55,"201807","importXLS"
"980","AXIGON",2018-02-13,"2018/w07","Tuesday","Diesel",23.55,"201807","importXLS"
"981","AXIGON",2018-02-12,"2018/w07","Monday","Diesel",23.55,"201807","importXLS"
"982","AXIGON",2018-02-11,"2018/w06","Sunday","Diesel",23.95,"201806","importXLS"
"983","AXIGON",2018-02-10,"2018/w06","Saturday","Diesel",23.95,"201806","importXLS"
"984","AXIGON",2018-02-09,"2018/w06","Friday","Diesel",23.95,"201806","importXLS"
"985","AXIGON",2018-02-08,"2018/w06","Thursday","Diesel",23.95,"201806","importXLS"
"986","AXIGON",2018-02-07,"2018/w06","Wednesday","Diesel",23.95,"201806","importXLS"
"987","AXIGON",2018-02-06,"2018/w06","Tuesday","Diesel",23.95,"201806","importXLS"
"988","AXIGON",2018-02-05,"2018/w06","Monday","Diesel",24.12,"201806","importXLS"
"989","AXIGON",2018-02-04,"2018/w05","Sunday","Diesel",24.12,"201805","importXLS"
"990","AXIGON",2018-02-03,"2018/w05","Saturday","Diesel",24.12,"201805","importXLS"
"991","AXIGON",2018-02-02,"2018/w05","Friday","Diesel",24.12,"201805","importXLS"
"992","AXIGON",2018-02-01,"2018/w05","Thursday","Diesel",24.12,"201805","importXLS"
"993","AXIGON",2018-01-31,"2018/w05","Wednesday","Diesel",24.12,"201805","importXLS"
"994","AXIGON",2018-01-30,"2018/w05","Tuesday","Diesel",24.12,"201805","importXLS"
"995","AXIGON",2018-01-29,"2018/w05","Monday","Diesel",24.12,"201805","importXLS"
"996","AXIGON",2018-01-28,"2018/w04","Sunday","Diesel",24.12,"201804","importXLS"
"997","AXIGON",2018-01-27,"2018/w04","Saturday","Diesel",24.12,"201804","importXLS"
"998","AXIGON",2018-01-26,"2018/w04","Friday","Diesel",24.12,"201804","importXLS"
"999","AXIGON",2018-01-25,"2018/w04","Thursday","Diesel",24.12,"201804","importXLS"
"1000","AXIGON",2018-01-24,"2018/w04","Wednesday","Diesel",24.12,"201804","importXLS"
"1001","AXIGON",2018-01-23,"2018/w04","Tuesday","Diesel",24.12,"201804","importXLS"
"1002","AXIGON",2018-01-22,"2018/w04","Monday","Diesel",24.12,"201804","importXLS"
"1003","AXIGON",2018-01-21,"2018/w03","Sunday","Diesel",24.34,"201803","importXLS"
"1004","AXIGON",2018-01-20,"2018/w03","Saturday","Diesel",24.34,"201803","importXLS"
"1005","AXIGON",2018-01-19,"2018/w03","Friday","Diesel",24.34,"201803","importXLS"
"1006","AXIGON",2018-01-18,"2018/w03","Thursday","Diesel",24.34,"201803","importXLS"
"1007","AXIGON",2018-01-17,"2018/w03","Wednesday","Diesel",24.34,"201803","importXLS"
"1008","AXIGON",2018-01-16,"2018/w03","Tuesday","Diesel",24.34,"201803","importXLS"
"1009","AXIGON",2018-01-15,"2018/w03","Monday","Diesel",24.34,"201803","importXLS"
"1010","AXIGON",2018-01-14,"2018/w02","Sunday","Diesel",24.21,"201802","importXLS"
"1011","AXIGON",2018-01-13,"2018/w02","Saturday","Diesel",24.21,"201802","importXLS"
"1012","AXIGON",2018-01-12,"2018/w02","Friday","Diesel",24.21,"201802","importXLS"
"1013","AXIGON",2018-01-11,"2018/w02","Thursday","Diesel",24.21,"201802","importXLS"
"1014","AXIGON",2018-01-10,"2018/w02","Wednesday","Diesel",24.21,"201802","importXLS"
"1015","AXIGON",2018-01-09,"2018/w02","Tuesday","Diesel",24.21,"201802","importXLS"
"1016","AXIGON",2018-01-08,"2018/w02","Monday","Diesel",24.21,"201802","importXLS"
"1017","AXIGON",2018-01-07,"2018/w01","Sunday","Diesel",24.21,"201801","importXLS"
"1018","AXIGON",2018-01-06,"2018/w01","Saturday","Diesel",24.21,"201801","importXLS"
"1019","AXIGON",2018-01-05,"2018/w01","Friday","Diesel",24.21,"201801","importXLS"
"1020","AXIGON",2018-01-04,"2018/w01","Thursday","Diesel",24.21,"201801","importXLS"
"1021","AXIGON",2018-01-03,"2018/w01","Wednesday","Diesel",24.21,"201801","importXLS"
"1022","AXIGON",2018-01-02,"2018/w01","Tuesday","Diesel",24.21,"201801","importXLS"
"1023","AXIGON",2018-01-01,"2018/w01","Monday","Diesel",24.21,"201801","importXLS"
